Apache Maven 3.9.16 (2bdd9fddda4b155ebf8000e807eb73fd829a51d5)
Maven home: /opt/homebrew/Cellar/maven/3.9.16/libexec
Java version: 1.8.0_492, vendor: Temurin, runtime: /Library/Java/JavaVirtualMachines/temurin-8.jdk/Contents/Home/jre
Default locale: en_IN, platform encoding: UTF-8
OS name: "mac os x", version: "15.5", arch: "x86_64", family: "mac"
[DEBUG] Created new class realm maven.api
[DEBUG] Importing foreign packages into class realm maven.api
[DEBUG]   Imported: javax.annotation.* < plexus.core
[DEBUG]   Imported: javax.annotation.security.* < plexus.core
[DEBUG]   Imported: javax.inject.* < plexus.core
[DEBUG]   Imported: org.apache.maven.* < plexus.core
[DEBUG]   Imported: org.apache.maven.artifact < plexus.core
[DEBUG]   Imported: org.apache.maven.classrealm < plexus.core
[DEBUG]   Imported: org.apache.maven.cli < plexus.core
[DEBUG]   Imported: org.apache.maven.configuration < plexus.core
[DEBUG]   Imported: org.apache.maven.exception < plexus.core
[DEBUG]   Imported: org.apache.maven.execution < plexus.core
[DEBUG]   Imported: org.apache.maven.execution.scope < plexus.core
[DEBUG]   Imported: org.apache.maven.graph < plexus.core
[DEBUG]   Imported: org.apache.maven.lifecycle < plexus.core
[DEBUG]   Imported: org.apache.maven.model < plexus.core
[DEBUG]   Imported: org.apache.maven.monitor < plexus.core
[DEBUG]   Imported: org.apache.maven.plugin < plexus.core
[DEBUG]   Imported: org.apache.maven.profiles < plexus.core
[DEBUG]   Imported: org.apache.maven.project < plexus.core
[DEBUG]   Imported: org.apache.maven.reporting < plexus.core
[DEBUG]   Imported: org.apache.maven.repository < plexus.core
[DEBUG]   Imported: org.apache.maven.rtinfo < plexus.core
[DEBUG]   Imported: org.apache.maven.settings < plexus.core
[DEBUG]   Imported: org.apache.maven.toolchain < plexus.core
[DEBUG]   Imported: org.apache.maven.usability < plexus.core
[DEBUG]   Imported: org.apache.maven.wagon.* < plexus.core
[DEBUG]   Imported: org.apache.maven.wagon.authentication < plexus.core
[DEBUG]   Imported: org.apache.maven.wagon.authorization < plexus.core
[DEBUG]   Imported: org.apache.maven.wagon.events < plexus.core
[DEBUG]   Imported: org.apache.maven.wagon.observers < plexus.core
[DEBUG]   Imported: org.apache.maven.wagon.proxy < plexus.core
[DEBUG]   Imported: org.apache.maven.wagon.repository < plexus.core
[DEBUG]   Imported: org.apache.maven.wagon.resource < plexus.core
[DEBUG]   Imported: org.codehaus.classworlds < plexus.core
[DEBUG]   Imported: org.codehaus.plexus.* < plexus.core
[DEBUG]   Imported: org.codehaus.plexus.classworlds < plexus.core
[DEBUG]   Imported: org.codehaus.plexus.component < plexus.core
[DEBUG]   Imported: org.codehaus.plexus.configuration < plexus.core
[DEBUG]   Imported: org.codehaus.plexus.container < plexus.core
[DEBUG]   Imported: org.codehaus.plexus.context < plexus.core
[DEBUG]   Imported: org.codehaus.plexus.lifecycle < plexus.core
[DEBUG]   Imported: org.codehaus.plexus.logging < plexus.core
[DEBUG]   Imported: org.codehaus.plexus.personality < plexus.core
[DEBUG]   Imported: org.codehaus.plexus.util.xml.Xpp3Dom < plexus.core
[DEBUG]   Imported: org.codehaus.plexus.util.xml.pull.XmlPullParser < plexus.core
[DEBUG]   Imported: org.codehaus.plexus.util.xml.pull.XmlPullParserException < plexus.core
[DEBUG]   Imported: org.codehaus.plexus.util.xml.pull.XmlSerializer < plexus.core
[DEBUG]   Imported: org.eclipse.aether.* < plexus.core
[DEBUG]   Imported: org.eclipse.aether.artifact < plexus.core
[DEBUG]   Imported: org.eclipse.aether.collection < plexus.core
[DEBUG]   Imported: org.eclipse.aether.deployment < plexus.core
[DEBUG]   Imported: org.eclipse.aether.graph < plexus.core
[DEBUG]   Imported: org.eclipse.aether.impl < plexus.core
[DEBUG]   Imported: org.eclipse.aether.installation < plexus.core
[DEBUG]   Imported: org.eclipse.aether.internal.impl < plexus.core
[DEBUG]   Imported: org.eclipse.aether.metadata < plexus.core
[DEBUG]   Imported: org.eclipse.aether.repository < plexus.core
[DEBUG]   Imported: org.eclipse.aether.resolution < plexus.core
[DEBUG]   Imported: org.eclipse.aether.spi < plexus.core
[DEBUG]   Imported: org.eclipse.aether.transfer < plexus.core
[DEBUG]   Imported: org.eclipse.aether.util < plexus.core
[DEBUG]   Imported: org.eclipse.aether.version < plexus.core
[DEBUG]   Imported: org.fusesource.jansi.* < plexus.core
[DEBUG]   Imported: org.slf4j.* < plexus.core
[DEBUG]   Imported: org.slf4j.event.* < plexus.core
[DEBUG]   Imported: org.slf4j.helpers.* < plexus.core
[DEBUG]   Imported: org.slf4j.spi.* < plexus.core
[DEBUG] Populating class realm maven.api
[DEBUG] Created adapter factory; available factories [file-lock, rwlock-local, semaphore-local, noop]; available name mappers [discriminating, file-gaecv, file-gav, file-hgaecv, file-hgav, file-static, gaecv, gav, static]
[INFO] Error stacktraces are turned on.
[DEBUG] Message scheme: color
[DEBUG] Message styles: debug info warning error success failure strong mojo project
[DEBUG] Reading global settings from /opt/homebrew/Cellar/maven/3.9.16/libexec/conf/settings.xml
[DEBUG] Reading user settings from /Users/pramodsingh/.m2/settings.xml
[DEBUG] Reading global toolchains from /opt/homebrew/Cellar/maven/3.9.16/libexec/conf/toolchains.xml
[DEBUG] Reading user toolchains from /Users/pramodsingh/.m2/toolchains.xml
[DEBUG] Using local repository at /Users/pramodsingh/.m2/repository
[DEBUG] Using manager EnhancedLocalRepositoryManager with priority 10.0 for /Users/pramodsingh/.m2/repository
[INFO] Scanning for projects...
[DEBUG] Extension realms for project com.pksautomation.automationutils:AutomationUtils:jar:0.0.1-SNAPSHOT: (none)
[DEBUG] Looking up lifecycle mappings for packaging jar from ClassRealm[plexus.core, parent: null]
[DEBUG] === REACTOR BUILD PLAN ================================================
[DEBUG] Project: com.pksautomation.automationutils:AutomationUtils:jar:0.0.1-SNAPSHOT
[DEBUG] Tasks:   [clean, install]
[DEBUG] Style:   Regular
[DEBUG] =======================================================================
[INFO] 
[INFO] ---------< com.pksautomation.automationutils:AutomationUtils >----------
[INFO] Building AutomationUtils 0.0.1-SNAPSHOT
[INFO]   from pom.xml
[INFO] --------------------------------[ jar ]---------------------------------
[DEBUG] Lifecycle clean -> [pre-clean, clean, post-clean]
[DEBUG] Lifecycle default -> [validate, initialize, generate-sources, process-sources, generate-resources, process-resources, compile, process-classes, generate-test-sources, process-test-sources, generate-test-resources, process-test-resources, test-compile, process-test-classes, test, prepare-package, package, pre-integration-test, integration-test, post-integration-test, verify, install, deploy]
[DEBUG] Lifecycle site -> [pre-site, site, post-site, site-deploy]
[DEBUG] Lifecycle clean -> [pre-clean, clean, post-clean]
[DEBUG] Lifecycle default -> [validate, initialize, generate-sources, process-sources, generate-resources, process-resources, compile, process-classes, generate-test-sources, process-test-sources, generate-test-resources, process-test-resources, test-compile, process-test-classes, test, prepare-package, package, pre-integration-test, integration-test, post-integration-test, verify, install, deploy]
[DEBUG] Lifecycle site -> [pre-site, site, post-site, site-deploy]
[DEBUG] Creating adapter using nameMapper 'gaecv' and factory 'rwlock-local'
[DEBUG] Lifecycle clean -> [pre-clean, clean, post-clean]
[DEBUG] Lifecycle default -> [validate, initialize, generate-sources, process-sources, generate-resources, process-resources, compile, process-classes, generate-test-sources, process-test-sources, generate-test-resources, process-test-resources, test-compile, process-test-classes, test, prepare-package, package, pre-integration-test, integration-test, post-integration-test, verify, install, deploy]
[DEBUG] Lifecycle site -> [pre-site, site, post-site, site-deploy]
[DEBUG] Lifecycle clean -> [pre-clean, clean, post-clean]
[DEBUG] Lifecycle default -> [validate, initialize, generate-sources, process-sources, generate-resources, process-resources, compile, process-classes, generate-test-sources, process-test-sources, generate-test-resources, process-test-resources, test-compile, process-test-classes, test, prepare-package, package, pre-integration-test, integration-test, post-integration-test, verify, install, deploy]
[DEBUG] Lifecycle site -> [pre-site, site, post-site, site-deploy]
[DEBUG] Lifecycle clean -> [pre-clean, clean, post-clean]
[DEBUG] Lifecycle default -> [validate, initialize, generate-sources, process-sources, generate-resources, process-resources, compile, process-classes, generate-test-sources, process-test-sources, generate-test-resources, process-test-resources, test-compile, process-test-classes, test, prepare-package, package, pre-integration-test, integration-test, post-integration-test, verify, install, deploy]
[DEBUG] Lifecycle site -> [pre-site, site, post-site, site-deploy]
[DEBUG] Lifecycle clean -> [pre-clean, clean, post-clean]
[DEBUG] Lifecycle default -> [validate, initialize, generate-sources, process-sources, generate-resources, process-resources, compile, process-classes, generate-test-sources, process-test-sources, generate-test-resources, process-test-resources, test-compile, process-test-classes, test, prepare-package, package, pre-integration-test, integration-test, post-integration-test, verify, install, deploy]
[DEBUG] Lifecycle site -> [pre-site, site, post-site, site-deploy]
[DEBUG] Lifecycle clean -> [pre-clean, clean, post-clean]
[DEBUG] Lifecycle default -> [validate, initialize, generate-sources, process-sources, generate-resources, process-resources, compile, process-classes, generate-test-sources, process-test-sources, generate-test-resources, process-test-resources, test-compile, process-test-classes, test, prepare-package, package, pre-integration-test, integration-test, post-integration-test, verify, install, deploy]
[DEBUG] Lifecycle site -> [pre-site, site, post-site, site-deploy]
[DEBUG] Lifecycle clean -> [pre-clean, clean, post-clean]
[DEBUG] Lifecycle default -> [validate, initialize, generate-sources, process-sources, generate-resources, process-resources, compile, process-classes, generate-test-sources, process-test-sources, generate-test-resources, process-test-resources, test-compile, process-test-classes, test, prepare-package, package, pre-integration-test, integration-test, post-integration-test, verify, install, deploy]
[DEBUG] Lifecycle site -> [pre-site, site, post-site, site-deploy]
[DEBUG] Lifecycle clean -> [pre-clean, clean, post-clean]
[DEBUG] Lifecycle default -> [validate, initialize, generate-sources, process-sources, generate-resources, process-resources, compile, process-classes, generate-test-sources, process-test-sources, generate-test-resources, process-test-resources, test-compile, process-test-classes, test, prepare-package, package, pre-integration-test, integration-test, post-integration-test, verify, install, deploy]
[DEBUG] Lifecycle site -> [pre-site, site, post-site, site-deploy]
[DEBUG] Lifecycle clean -> [pre-clean, clean, post-clean]
[DEBUG] Lifecycle default -> [validate, initialize, generate-sources, process-sources, generate-resources, process-resources, compile, process-classes, generate-test-sources, process-test-sources, generate-test-resources, process-test-resources, test-compile, process-test-classes, test, prepare-package, package, pre-integration-test, integration-test, post-integration-test, verify, install, deploy]
[DEBUG] Lifecycle site -> [pre-site, site, post-site, site-deploy]
[DEBUG] === PROJECT BUILD PLAN ================================================
[DEBUG] Project:       com.pksautomation.automationutils:AutomationUtils:0.0.1-SNAPSHOT
[DEBUG] Dependencies (collect): []
[DEBUG] Dependencies (resolve): [compile, runtime, test]
[DEBUG] Repositories (dependencies): [redshift (https://mvnrepository.com/artifact/com.amazon.redshift/redshift-jdbc42, default, releases+snapshots), central (https://repo.maven.apache.org/maven2, default, releases)]
[DEBUG] Repositories (plugins)     : [maven-default-http-blocker (http://0.0.0.0/, default, releases+snapshots, blocked), central (https://repo.maven.apache.org/maven2, default, releases)]
[DEBUG] -----------------------------------------------------------------------
[DEBUG] Goal:          org.apache.maven.plugins:maven-clean-plugin:3.2.0:clean (default-clean)
[DEBUG] Style:         Regular
[DEBUG] Configuration: <?xml version="1.0" encoding="UTF-8"?>
<configuration>
  <directory default-value="${project.build.directory}"/>
  <excludeDefaultDirectories default-value="false">${maven.clean.excludeDefaultDirectories}</excludeDefaultDirectories>
  <failOnError default-value="true">${maven.clean.failOnError}</failOnError>
  <fast default-value="false">${maven.clean.fast}</fast>
  <fastDir>${maven.clean.fastDir}</fastDir>
  <fastMode default-value="background">${maven.clean.fastMode}</fastMode>
  <followSymLinks default-value="false">${maven.clean.followSymLinks}</followSymLinks>
  <outputDirectory default-value="${project.build.outputDirectory}"/>
  <reportDirectory default-value="${project.build.outputDirectory}"/>
  <retryOnError default-value="true">${maven.clean.retryOnError}</retryOnError>
  <session default-value="${session}"/>
  <skip default-value="false">${maven.clean.skip}</skip>
  <testOutputDirectory default-value="${project.build.testOutputDirectory}"/>
  <verbose>${maven.clean.verbose}</verbose>
</configuration>
[DEBUG] -----------------------------------------------------------------------
[DEBUG] Goal:          org.apache.maven.plugins:maven-resources-plugin:3.1.0:resources (default-resources)
[DEBUG] Style:         Regular
[DEBUG] Configuration: <?xml version="1.0" encoding="UTF-8"?>
<configuration>
  <addDefaultExcludes default-value="true"/>
  <buildFilters default-value="${project.build.filters}"/>
  <encoding default-value="${project.build.sourceEncoding}"/>
  <escapeWindowsPaths default-value="true"/>
  <fileNameFiltering default-value="false"/>
  <includeEmptyDirs default-value="false"/>
  <outputDirectory default-value="${project.build.outputDirectory}"/>
  <overwrite default-value="false"/>
  <project default-value="${project}"/>
  <resources default-value="${project.resources}"/>
  <session default-value="${session}"/>
  <skip default-value="false">${maven.resources.skip}</skip>
  <supportMultiLineFiltering default-value="false"/>
  <useBuildFilters default-value="true"/>
  <useDefaultDelimiters default-value="true"/>
</configuration>
[DEBUG] -----------------------------------------------------------------------
[DEBUG] Goal:          org.apache.maven.plugins:maven-compiler-plugin:3.8.0:compile (default-compile)
[DEBUG] Style:         Regular
[DEBUG] Configuration: <?xml version="1.0" encoding="UTF-8"?>
<configuration>
  <basedir default-value="${basedir}"/>
  <buildDirectory default-value="${project.build.directory}"/>
  <compilePath default-value="${project.compileClasspathElements}"/>
  <compileSourceRoots default-value="${project.compileSourceRoots}"/>
  <compilerId default-value="javac">${maven.compiler.compilerId}</compilerId>
  <compilerReuseStrategy default-value="${reuseCreated}">${maven.compiler.compilerReuseStrategy}</compilerReuseStrategy>
  <compilerVersion>${maven.compiler.compilerVersion}</compilerVersion>
  <debug default-value="true">${maven.compiler.debug}</debug>
  <debuglevel>${maven.compiler.debuglevel}</debuglevel>
  <encoding default-value="${project.build.sourceEncoding}">${encoding}</encoding>
  <executable>${maven.compiler.executable}</executable>
  <failOnError default-value="true">${maven.compiler.failOnError}</failOnError>
  <failOnWarning default-value="false">${maven.compiler.failOnWarning}</failOnWarning>
  <forceJavacCompilerUse default-value="false">${maven.compiler.forceJavacCompilerUse}</forceJavacCompilerUse>
  <fork default-value="false">${maven.compiler.fork}</fork>
  <generatedSourcesDirectory default-value="${project.build.directory}/generated-sources/annotations"/>
  <maxmem>${maven.compiler.maxmem}</maxmem>
  <meminitial>${maven.compiler.meminitial}</meminitial>
  <mojoExecution default-value="${mojoExecution}"/>
  <optimize default-value="false">${maven.compiler.optimize}</optimize>
  <outputDirectory default-value="${project.build.outputDirectory}"/>
  <parameters default-value="false">${maven.compiler.parameters}</parameters>
  <project default-value="${project}"/>
  <projectArtifact default-value="${project.artifact}"/>
  <release>${maven.compiler.release}</release>
  <session default-value="${session}"/>
  <showDeprecation default-value="false">${maven.compiler.showDeprecation}</showDeprecation>
  <showWarnings default-value="false">${maven.compiler.showWarnings}</showWarnings>
  <skipMain>${maven.main.skip}</skipMain>
  <skipMultiThreadWarning default-value="false">${maven.compiler.skipMultiThreadWarning}</skipMultiThreadWarning>
  <source default-value="1.6">1.8</source>
  <staleMillis default-value="0">${lastModGranularityMs}</staleMillis>
  <target default-value="1.6">1.8</target>
  <useIncrementalCompilation default-value="true">${maven.compiler.useIncrementalCompilation}</useIncrementalCompilation>
  <verbose default-value="false">${maven.compiler.verbose}</verbose>
</configuration>
[DEBUG] -----------------------------------------------------------------------
[DEBUG] Goal:          org.apache.maven.plugins:maven-resources-plugin:3.1.0:testResources (default-testResources)
[DEBUG] Style:         Regular
[DEBUG] Configuration: <?xml version="1.0" encoding="UTF-8"?>
<configuration>
  <addDefaultExcludes default-value="true"/>
  <buildFilters default-value="${project.build.filters}"/>
  <encoding default-value="${project.build.sourceEncoding}"/>
  <escapeWindowsPaths default-value="true"/>
  <fileNameFiltering default-value="false"/>
  <includeEmptyDirs default-value="false"/>
  <outputDirectory default-value="${project.build.testOutputDirectory}"/>
  <overwrite default-value="false"/>
  <project default-value="${project}"/>
  <resources default-value="${project.testResources}"/>
  <session default-value="${session}"/>
  <skip default-value="false">${maven.test.skip}</skip>
  <supportMultiLineFiltering default-value="false"/>
  <useBuildFilters default-value="true"/>
  <useDefaultDelimiters default-value="true"/>
</configuration>
[DEBUG] -----------------------------------------------------------------------
[DEBUG] Goal:          org.apache.maven.plugins:maven-compiler-plugin:3.8.0:testCompile (default-testCompile)
[DEBUG] Style:         Regular
[DEBUG] Configuration: <?xml version="1.0" encoding="UTF-8"?>
<configuration>
  <basedir default-value="${basedir}"/>
  <buildDirectory default-value="${project.build.directory}"/>
  <compilePath default-value="${project.compileClasspathElements}"/>
  <compileSourceRoots default-value="${project.testCompileSourceRoots}"/>
  <compilerId default-value="javac">${maven.compiler.compilerId}</compilerId>
  <compilerReuseStrategy default-value="${reuseCreated}">${maven.compiler.compilerReuseStrategy}</compilerReuseStrategy>
  <compilerVersion>${maven.compiler.compilerVersion}</compilerVersion>
  <debug default-value="true">${maven.compiler.debug}</debug>
  <debuglevel>${maven.compiler.debuglevel}</debuglevel>
  <encoding default-value="${project.build.sourceEncoding}">${encoding}</encoding>
  <executable>${maven.compiler.executable}</executable>
  <failOnError default-value="true">${maven.compiler.failOnError}</failOnError>
  <failOnWarning default-value="false">${maven.compiler.failOnWarning}</failOnWarning>
  <forceJavacCompilerUse default-value="false">${maven.compiler.forceJavacCompilerUse}</forceJavacCompilerUse>
  <fork default-value="false">${maven.compiler.fork}</fork>
  <generatedTestSourcesDirectory default-value="${project.build.directory}/generated-test-sources/test-annotations"/>
  <maxmem>${maven.compiler.maxmem}</maxmem>
  <meminitial>${maven.compiler.meminitial}</meminitial>
  <mojoExecution default-value="${mojoExecution}"/>
  <optimize default-value="false">${maven.compiler.optimize}</optimize>
  <outputDirectory default-value="${project.build.testOutputDirectory}"/>
  <parameters default-value="false">${maven.compiler.parameters}</parameters>
  <project default-value="${project}"/>
  <release>${maven.compiler.release}</release>
  <session default-value="${session}"/>
  <showDeprecation default-value="false">${maven.compiler.showDeprecation}</showDeprecation>
  <showWarnings default-value="false">${maven.compiler.showWarnings}</showWarnings>
  <skip>${maven.test.skip}</skip>
  <skipMultiThreadWarning default-value="false">${maven.compiler.skipMultiThreadWarning}</skipMultiThreadWarning>
  <source default-value="1.6">1.8</source>
  <staleMillis default-value="0">${lastModGranularityMs}</staleMillis>
  <target default-value="1.6">1.8</target>
  <testPath default-value="${project.testClasspathElements}"/>
  <testRelease>${maven.compiler.testRelease}</testRelease>
  <testSource>${maven.compiler.testSource}</testSource>
  <testTarget>${maven.compiler.testTarget}</testTarget>
  <useIncrementalCompilation default-value="true">${maven.compiler.useIncrementalCompilation}</useIncrementalCompilation>
  <verbose default-value="false">${maven.compiler.verbose}</verbose>
</configuration>
[DEBUG] -----------------------------------------------------------------------
[DEBUG] Goal:          org.apache.maven.plugins:maven-surefire-plugin:3.5.4:test (default-test)
[DEBUG] Style:         Regular
[DEBUG] Configuration: <?xml version="1.0" encoding="UTF-8"?>
<configuration>
  <additionalClasspathDependencies>${maven.test.additionalClasspathDependencies}</additionalClasspathDependencies>
  <additionalClasspathElements>${maven.test.additionalClasspath}</additionalClasspathElements>
  <argLine>${argLine}</argLine>
  <basedir default-value="${basedir}"/>
  <childDelegation default-value="false">${childDelegation}</childDelegation>
  <classesDirectory default-value="${project.build.outputDirectory}"/>
  <classpathDependencyExcludes>${maven.test.dependency.excludes}</classpathDependencyExcludes>
  <debugForkedProcess>${maven.surefire.debug}</debugForkedProcess>
  <dependenciesToScan>${dependenciesToScan}</dependenciesToScan>
  <disableXmlReport>${disableXmlReport}</disableXmlReport>
  <enableAssertions default-value="true">${enableAssertions}</enableAssertions>
  <enableOutErrElements default-value="true">${enableOutErrElements}</enableOutErrElements>
  <enableProcessChecker>${surefire.enableProcessChecker}</enableProcessChecker>
  <enablePropertiesElement default-value="true">${enablePropertiesElement}</enablePropertiesElement>
  <encoding default-value="${project.reporting.outputEncoding}">${surefire.encoding}</encoding>
  <excludeJUnit5Engines>${surefire.excludeJUnit5Engines}</excludeJUnit5Engines>
  <excludedEnvironmentVariables>${surefire.excludedEnvironmentVariables}</excludedEnvironmentVariables>
  <excludedGroups>${excludedGroups}</excludedGroups>
  <excludes>${surefire.excludes}</excludes>
  <excludesFile>${surefire.excludesFile}</excludesFile>
  <failIfNoSpecifiedTests default-value="true">${surefire.failIfNoSpecifiedTests}</failIfNoSpecifiedTests>
  <failIfNoTests default-value="false">${failIfNoTests}</failIfNoTests>
  <failOnFlakeCount default-value="0">${surefire.failOnFlakeCount}</failOnFlakeCount>
  <forkCount default-value="1">${forkCount}</forkCount>
  <forkNode>${surefire.forkNode}</forkNode>
  <forkedProcessExitTimeoutInSeconds default-value="30">${surefire.exitTimeout}</forkedProcessExitTimeoutInSeconds>
  <forkedProcessTimeoutInSeconds>${surefire.timeout}</forkedProcessTimeoutInSeconds>
  <groups>${groups}</groups>
  <includeJUnit5Engines>${surefire.includeJUnit5Engines}</includeJUnit5Engines>
  <includes>${surefire.includes}</includes>
  <includesFile>${surefire.includesFile}</includesFile>
  <junitArtifactName default-value="junit:junit">${junitArtifactName}</junitArtifactName>
  <jvm>${jvm}</jvm>
  <objectFactory>${objectFactory}</objectFactory>
  <parallel>${parallel}</parallel>
  <parallelMavenExecution default-value="${session.parallel}"/>
  <parallelOptimized default-value="true">${parallelOptimized}</parallelOptimized>
  <parallelTestsTimeoutForcedInSeconds>${surefire.parallel.forcedTimeout}</parallelTestsTimeoutForcedInSeconds>
  <parallelTestsTimeoutInSeconds>${surefire.parallel.timeout}</parallelTestsTimeoutInSeconds>
  <perCoreThreadCount default-value="true">${perCoreThreadCount}</perCoreThreadCount>
  <pluginArtifactMap>${plugin.artifactMap}</pluginArtifactMap>
  <pluginDescriptor default-value="${plugin}"/>
  <printSummary default-value="true">${surefire.printSummary}</printSummary>
  <project default-value="${project}"/>
  <projectArtifactMap>${project.artifactMap}</projectArtifactMap>
  <projectBuildDirectory default-value="${project.build.directory}"/>
  <promoteUserPropertiesToSystemProperties default-value="true"/>
  <redirectTestOutputToFile default-value="false">${maven.test.redirectTestOutputToFile}</redirectTestOutputToFile>
  <reportFormat default-value="brief">${surefire.reportFormat}</reportFormat>
  <reportNameSuffix default-value="">${surefire.reportNameSuffix}</reportNameSuffix>
  <reportsDirectory default-value="${project.build.directory}/surefire-reports"/>
  <rerunFailingTestsCount default-value="0">${surefire.rerunFailingTestsCount}</rerunFailingTestsCount>
  <reuseForks default-value="true">${reuseForks}</reuseForks>
  <runOrder default-value="filesystem">${surefire.runOrder}</runOrder>
  <runOrderRandomSeed>${surefire.runOrder.random.seed}</runOrderRandomSeed>
  <session default-value="${session}"/>
  <shutdown default-value="exit">${surefire.shutdown}</shutdown>
  <skip default-value="false">${maven.test.skip}</skip>
  <skipAfterFailureCount default-value="0">${surefire.skipAfterFailureCount}</skipAfterFailureCount>
  <skipExec>${maven.test.skip.exec}</skipExec>
  <skipTests default-value="false">${skipTests}</skipTests>
  <suiteXmlFiles>${surefire.suiteXmlFiles}</suiteXmlFiles>
  <systemPropertiesFile>${surefire.systemPropertiesFile}</systemPropertiesFile>
  <tempDir default-value="surefire">${tempDir}</tempDir>
  <test>${test}</test>
  <testClassesDirectory default-value="${project.build.testOutputDirectory}"/>
  <testFailureIgnore default-value="false">${maven.test.failure.ignore}</testFailureIgnore>
  <testNGArtifactName default-value="org.testng:testng">${testNGArtifactName}</testNGArtifactName>
  <testSourceDirectory default-value="${project.build.testSourceDirectory}"/>
  <threadCount>${threadCount}</threadCount>
  <threadCountClasses default-value="0">${threadCountClasses}</threadCountClasses>
  <threadCountMethods default-value="0">${threadCountMethods}</threadCountMethods>
  <threadCountSuites default-value="0">${threadCountSuites}</threadCountSuites>
  <trimStackTrace default-value="false">${trimStackTrace}</trimStackTrace>
  <useFile default-value="true">${surefire.useFile}</useFile>
  <useManifestOnlyJar default-value="true">${surefire.useManifestOnlyJar}</useManifestOnlyJar>
  <useModulePath default-value="true">${surefire.useModulePath}</useModulePath>
  <useSystemClassLoader default-value="true">${surefire.useSystemClassLoader}</useSystemClassLoader>
  <useUnlimitedThreads default-value="false">${useUnlimitedThreads}</useUnlimitedThreads>
  <workingDirectory>${basedir}</workingDirectory>
</configuration>
[DEBUG] -----------------------------------------------------------------------
[DEBUG] Goal:          org.apache.maven.plugins:maven-jar-plugin:3.5.0:jar (default-jar)
[DEBUG] Style:         Regular
[DEBUG] Configuration: <?xml version="1.0" encoding="UTF-8"?>
<configuration>
  <addDefaultExcludes default-value="true"/>
  <attach default-value="true">${maven.jar.attach}</attach>
  <classesDirectory default-value="${project.build.outputDirectory}"/>
  <detectMultiReleaseJar default-value="true">${maven.jar.detectMultiReleaseJar}</detectMultiReleaseJar>
  <finalName default-value="${project.build.finalName}"/>
  <forceCreation default-value="false">${maven.jar.forceCreation}</forceCreation>
  <outputDirectory default-value="${project.build.directory}"/>
  <outputTimestamp default-value="${project.build.outputTimestamp}"/>
  <skipIfEmpty default-value="false"/>
  <useDefaultManifestFile default-value="false">${jar.useDefaultManifestFile}</useDefaultManifestFile>
</configuration>
[DEBUG] -----------------------------------------------------------------------
[DEBUG] Goal:          org.apache.maven.plugins:maven-install-plugin:3.1.4:install (default-install)
[DEBUG] Style:         Regular
[DEBUG] Configuration: <?xml version="1.0" encoding="UTF-8"?>
<configuration>
  <allowIncompleteProjects default-value="false">${allowIncompleteProjects}</allowIncompleteProjects>
  <installAtEnd default-value="false">${installAtEnd}</installAtEnd>
  <pluginDescriptor default-value="${plugin}"/>
  <project default-value="${project}"/>
  <session default-value="${session}"/>
  <skip default-value="false">${maven.install.skip}</skip>
</configuration>
[DEBUG] =======================================================================
[DEBUG] Using mirror maven-default-http-blocker (http://0.0.0.0/) for maven-restlet (http://maven.restlet.org).
[DEBUG] Using mirror maven-default-http-blocker (http://0.0.0.0/) for apache.snapshots (http://repository.apache.org/snapshots).
[DEBUG] Using mirror maven-default-http-blocker (http://0.0.0.0/) for codehaus (http://repository.codehaus.org).
[DEBUG] Using mirror maven-default-http-blocker (http://0.0.0.0/) for codehaus-snapshots (http://nexus.codehaus.org/snapshots/).
[DEBUG] Using mirror maven-default-http-blocker (http://0.0.0.0/) for apache.snapshots (http://people.apache.org/repo/m2-snapshot-repository).
[DEBUG] Using mirror maven-default-http-blocker (http://0.0.0.0/) for ow2-snapshot (http://repository.ow2.org/nexus/content/repositories/snapshots).
[DEBUG] Using mirror maven-default-http-blocker (http://0.0.0.0/) for codehaus.snapshots (http://snapshots.repository.codehaus.org).
[DEBUG] Using mirror maven-default-http-blocker (http://0.0.0.0/) for apache.snapshots (http://people.apache.org/maven-snapshot-repository).
[DEBUG] Using mirror maven-default-http-blocker (http://0.0.0.0/) for repository.jboss.org (http://repository.jboss.org/maven2).
[DEBUG] Using mirror maven-default-http-blocker (http://0.0.0.0/) for snapshots.jboss.org (http://snapshots.jboss.org/maven2).
[DEBUG] Using mirror maven-default-http-blocker (http://0.0.0.0/) for oss.sonatype.org/jboss-snapshots (http://oss.sonatype.org/content/repositories/jboss-snapshots).
[DEBUG] Using mirror maven-default-http-blocker (http://0.0.0.0/) for spy (http://files.couchbase.com/maven2/).
[DEBUG] Using mirror maven-default-http-blocker (http://0.0.0.0/) for repository.jboss.org (http://repository.jboss.org/nexus/content/groups/public/).
[DEBUG] Using mirror maven-default-http-blocker (http://0.0.0.0/) for gson (http://google-gson.googlecode.com/svn/mavenrepo).
[DEBUG] Using mirror maven-default-http-blocker (http://0.0.0.0/) for glassfish-repository (http://download.java.net/maven/glassfish).
[DEBUG] Using mirror maven-default-http-blocker (http://0.0.0.0/) for jetty-snapshots (http://oss.sonatype.org/content/repositories/jetty-snapshots).
[DEBUG] Dependency collection stats {ConflictMarker.analyzeTime=3439583, ConflictMarker.markTime=964833, ConflictMarker.nodeCount=948, ConflictIdSorter.graphTime=4481833, ConflictIdSorter.topsortTime=1285167, ConflictIdSorter.conflictIdCount=245, ConflictIdSorter.conflictIdCycleCount=0, ConflictResolver.totalTime=56345666, ConflictResolver.conflictItemCount=563, DfDependencyCollector.collectTime=2654920708, DfDependencyCollector.transformTime=78620917}
[DEBUG] com.pksautomation.automationutils:AutomationUtils:jar:0.0.1-SNAPSHOT
[DEBUG]    com.fasterxml.jackson.core:jackson-annotations:jar:2.8.8:compile
[DEBUG]    com.jayway.restassured:rest-assured:jar:2.9.0:compile
[DEBUG]       org.codehaus.groovy:groovy:jar:2.4.4:compile
[DEBUG]       org.codehaus.groovy:groovy-xml:jar:2.4.4:compile
[DEBUG]       org.apache.httpcomponents:httpclient:jar:4.5.1:compile
[DEBUG]       org.apache.httpcomponents:httpmime:jar:4.5.1:compile
[DEBUG]       org.hamcrest:hamcrest-core:jar:1.3:compile
[DEBUG]       org.hamcrest:hamcrest-library:jar:1.3:compile
[DEBUG]       org.ccil.cowan.tagsoup:tagsoup:jar:1.2.1:compile
[DEBUG]    com.jayway.restassured:json-path:jar:2.9.0:compile
[DEBUG]       org.codehaus.groovy:groovy-json:jar:2.4.4:compile
[DEBUG]       com.jayway.restassured:rest-assured-common:jar:2.9.0:compile
[DEBUG]    com.jayway.restassured:xml-path:jar:2.9.0:compile
[DEBUG]       org.apache.commons:commons-lang3:jar:3.3.2:compile
[DEBUG]    com.networknt:json-schema-validator:jar:1.0.42:compile
[DEBUG]       org.jruby.joni:joni:jar:2.1.31:compile
[DEBUG]          org.jruby.jcodings:jcodings:jar:1.0.46:compile
[DEBUG]    com.google.guava:guava:jar:25.0-jre:compile
[DEBUG]       com.google.code.findbugs:jsr305:jar:1.3.9:compile
[DEBUG]       org.checkerframework:checker-compat-qual:jar:2.0.0:compile
[DEBUG]       com.google.errorprone:error_prone_annotations:jar:2.1.3:compile
[DEBUG]       com.google.j2objc:j2objc-annotations:jar:1.1:compile
[DEBUG]       org.codehaus.mojo:animal-sniffer-annotations:jar:1.14:compile
[DEBUG]    org.testng:testng:jar:6.14.3:compile
[DEBUG]       com.beust:jcommander:jar:1.72:compile
[DEBUG]       org.apache-extras.beanshell:bsh:jar:2.0b6:compile
[DEBUG]    org.uncommons:reportng:jar:1.1.4:compile
[DEBUG]       velocity:velocity:jar:1.4:compile
[DEBUG]          velocity:velocity-dep:jar:1.4:runtime
[DEBUG]    com.amazon.redshift:redshift-jdbc42:jar:2.0.0.5:compile
[DEBUG]    org.yaml:snakeyaml:jar:1.24:compile
[DEBUG]    commons-io:commons-io:jar:2.6:compile
[DEBUG]    io.github.bonigarcia:webdrivermanager:jar:5.0.3:compile
[DEBUG]       com.google.code.gson:gson:jar:2.8.8:compile
[DEBUG]       org.jsoup:jsoup:jar:1.14.2:compile
[DEBUG]       com.github.docker-java:docker-java:jar:3.2.12:compile
[DEBUG]          com.github.docker-java:docker-java-core:jar:3.2.12:compile
[DEBUG]             com.github.docker-java:docker-java-api:jar:3.2.12:compile
[DEBUG]             org.apache.commons:commons-compress:jar:1.21:compile
[DEBUG]             org.bouncycastle:bcpkix-jdk15on:jar:1.64:compile
[DEBUG]                org.bouncycastle:bcprov-jdk15on:jar:1.64:compile
[DEBUG]          org.slf4j:jcl-over-slf4j:jar:1.7.30:compile
[DEBUG]       com.github.docker-java:docker-java-transport-httpclient5:jar:3.2.12:compile
[DEBUG]          com.github.docker-java:docker-java-transport:jar:3.2.12:compile
[DEBUG]          org.apache.httpcomponents.client5:httpclient5:jar:5.0.3:compile
[DEBUG]             org.apache.httpcomponents.core5:httpcore5:jar:5.0.2:compile
[DEBUG]          net.java.dev.jna:jna:jar:5.8.0:compile
[DEBUG]       org.brotli:dec:jar:0.1.2:compile
[DEBUG]    com.squareup.okhttp3:logging-interceptor:jar:4.9.0:compile
[DEBUG]       org.jetbrains.kotlin:kotlin-stdlib-jdk8:jar:1.4.10:compile
[DEBUG]          org.jetbrains.kotlin:kotlin-stdlib-jdk7:jar:1.4.10:compile
[DEBUG]    com.squareup.okhttp3:okhttp:jar:4.9.1:compile
[DEBUG]       com.squareup.okio:okio:jar:2.8.0:compile
[DEBUG]    org.jetbrains.kotlin:kotlin-stdlib:jar:1.3.70:compile
[DEBUG]       org.jetbrains.kotlin:kotlin-stdlib-common:jar:1.3.70:compile
[DEBUG]       org.jetbrains:annotations:jar:13.0:compile
[DEBUG]    com.epam.healenium:healenium-web:jar:3.1.6:compile
[DEBUG]       org.apache.maven.plugins:maven-surefire-plugin:jar:3.0.0-M5:compile
[DEBUG]          org.apache.maven.surefire:maven-surefire-common:jar:3.0.0-M5:compile
[DEBUG]             org.apache.maven.surefire:surefire-api:jar:3.0.0-M5:compile
[DEBUG]                org.apache.maven.surefire:surefire-logger-api:jar:3.0.0-M5:compile
[DEBUG]             org.apache.maven.surefire:surefire-extensions-api:jar:3.0.0-M5:compile
[DEBUG]             org.apache.maven.surefire:surefire-booter:jar:3.0.0-M5:compile
[DEBUG]                org.apache.maven.surefire:surefire-extensions-spi:jar:3.0.0-M5:compile
[DEBUG]             org.apache.maven:maven-toolchain:jar:3.0-alpha-2:compile
[DEBUG]             org.apache.maven.shared:maven-artifact-transfer:jar:0.11.0:compile
[DEBUG]                org.apache.maven.shared:maven-common-artifact-filters:jar:3.0.1:compile
[DEBUG]                   org.sonatype.sisu:sisu-inject-plexus:jar:1.4.2:compile
[DEBUG]                      org.sonatype.sisu:sisu-inject-bean:jar:1.4.2:compile
[DEBUG]                         org.sonatype.sisu:sisu-guice:jar:noaop:2.1.7:compile
[DEBUG]             org.codehaus.plexus:plexus-java:jar:1.0.5:compile
[DEBUG]                org.ow2.asm:asm:jar:7.2:compile
[DEBUG]                com.thoughtworks.qdox:qdox:jar:2.0-M9:compile
[DEBUG]             org.apache.maven.surefire:surefire-shared-utils:jar:3.0.0-M4:compile
[DEBUG]       org.apache.maven:maven-artifact:jar:2.0.11:compile
[DEBUG]       org.apache.maven:maven-compat:jar:3.8.1:compile
[DEBUG]          org.apache.maven:maven-model:jar:3.8.1:compile
[DEBUG]          org.apache.maven:maven-model-builder:jar:3.8.1:compile
[DEBUG]             javax.inject:javax.inject:jar:1:compile
[DEBUG]             org.apache.maven:maven-builder-support:jar:3.8.1:compile
[DEBUG]             org.eclipse.sisu:org.eclipse.sisu.inject:jar:0.3.4:compile
[DEBUG]          org.apache.maven:maven-settings:jar:3.8.1:compile
[DEBUG]          org.apache.maven:maven-settings-builder:jar:3.8.1:compile
[DEBUG]             org.sonatype.plexus:plexus-sec-dispatcher:jar:1.4:compile
[DEBUG]                org.sonatype.plexus:plexus-cipher:jar:1.4:compile
[DEBUG]          org.apache.maven:maven-core:jar:3.8.1:compile
[DEBUG]             org.apache.maven.resolver:maven-resolver-spi:jar:1.6.2:compile
[DEBUG]             org.apache.maven.shared:maven-shared-utils:jar:3.2.1:compile
[DEBUG]             com.google.inject:guice:jar:no_aop:4.2.1:compile
[DEBUG]                aopalliance:aopalliance:jar:1.0:compile
[DEBUG]          org.apache.maven:maven-resolver-provider:jar:3.8.1:compile
[DEBUG]          org.apache.maven:maven-repository-metadata:jar:3.8.1:compile
[DEBUG]          org.apache.maven.resolver:maven-resolver-api:jar:1.6.2:compile
[DEBUG]          org.apache.maven.resolver:maven-resolver-util:jar:1.6.2:compile
[DEBUG]          org.apache.maven.resolver:maven-resolver-impl:jar:1.6.2:compile
[DEBUG]          org.codehaus.plexus:plexus-interpolation:jar:1.25:compile
[DEBUG]          org.eclipse.sisu:org.eclipse.sisu.plexus:jar:0.3.4:compile
[DEBUG]             javax.enterprise:cdi-api:jar:1.0:compile
[DEBUG]                javax.annotation:jsr250-api:jar:1.0:compile
[DEBUG]          org.codehaus.plexus:plexus-component-annotations:jar:2.1.0:compile
[DEBUG]          org.apache.maven.wagon:wagon-provider-api:jar:3.4.3:compile
[DEBUG]       org.apache.maven:maven-plugin-api:jar:3.8.1:compile
[DEBUG]          org.codehaus.plexus:plexus-classworlds:jar:2.6.0:compile
[DEBUG]       com.typesafe:config:jar:1.3.4:compile
[DEBUG]       com.epam.healenium:tree-comparing:jar:0.4.10:compile
[DEBUG]       commons-codec:commons-codec:jar:1.12:compile
[DEBUG]       org.slf4j:slf4j-simple:jar:1.7.30:compile
[DEBUG]       org.mapstruct:mapstruct:jar:1.4.2.Final:compile
[DEBUG]       org.projectlombok:lombok:jar:1.18.20:compile
[DEBUG]       one.util:streamex:jar:0.7.2:compile
[DEBUG]       org.mapstruct:mapstruct-processor:jar:1.4.2.Final:compile
[DEBUG]    net.lightbody.bmp:browsermob-proxy:pom:2.1.4:compile
[DEBUG]    io.cucumber:cucumber-jvm:pom:4.2.3:compile
[DEBUG]    io.cucumber:cucumber-java8:jar:4.2.3:compile
[DEBUG]       net.jodah:typetools:jar:0.5.0:compile
[DEBUG]    io.cucumber:cucumber-java:jar:4.2.3:compile
[DEBUG]    io.cucumber:cucumber-core:jar:4.2.3:compile
[DEBUG]       io.cucumber:cucumber-html:jar:0.2.7:compile
[DEBUG]       io.cucumber:gherkin:jar:5.1.0:compile
[DEBUG]       io.cucumber:tag-expressions:jar:1.1.1:compile
[DEBUG]       io.cucumber:cucumber-expressions:jar:6.2.0:compile
[DEBUG]       io.cucumber:datatable:jar:1.1.12:compile
[DEBUG]          io.cucumber:datatable-dependencies:jar:1.1.12:compile
[DEBUG]    org.python:jython-standalone:jar:2.7.2:compile
[DEBUG]    net.masterthought:cucumber-reporting:jar:4.2.3:compile
[DEBUG]       org.apache.velocity:velocity:jar:1.7:compile
[DEBUG]       velocity-tools:velocity-tools:jar:1.4:compile
[DEBUG]       joda-time:joda-time:jar:2.10.1:compile
[DEBUG]       org.codehaus.plexus:plexus-utils:jar:3.1.0:compile
[DEBUG]       com.googlecode.owasp-java-html-sanitizer:owasp-java-html-sanitizer:jar:20181114.1:compile
[DEBUG]       commons-configuration:commons-configuration:jar:1.10:compile
[DEBUG]    io.cucumber:cucumber-testng:jar:4.2.3:compile
[DEBUG]    com.fasterxml.jackson.core:jackson-core:jar:2.6.3:compile
[DEBUG]    com.fasterxml.jackson.core:jackson-databind:jar:2.6.3:compile
[DEBUG]    com.fasterxml.jackson.datatype:jackson-datatype-joda:jar:2.6.3:compile
[DEBUG]    io.rest-assured:rest-assured:jar:3.0.0:compile
[DEBUG]       io.rest-assured:json-path:jar:3.0.0:compile
[DEBUG]          io.rest-assured:rest-assured-common:jar:3.0.0:compile
[DEBUG]       io.rest-assured:xml-path:jar:3.0.0:compile
[DEBUG]    com.opera:operadriver:jar:1.5:compile
[DEBUG]       com.opera:operalaunchers:jar:1.1:compile
[DEBUG]       com.google.protobuf:protobuf-java:jar:2.4.1:compile
[DEBUG]       commons-jxpath:commons-jxpath:jar:1.3:compile
[DEBUG]       org.ini4j:ini4j:jar:0.5.2:compile
[DEBUG]    org.codehaus.jackson:jackson-mapper-asl:jar:1.5.0:compile
[DEBUG]       org.codehaus.jackson:jackson-core-asl:jar:1.5.0:compile
[DEBUG]    junit:junit:jar:3.8.1:test
[DEBUG]    org.seleniumhq.selenium:selenium-chrome-driver:jar:3.141.59:compile
[DEBUG]       org.seleniumhq.selenium:selenium-remote-driver:jar:3.141.59:compile
[DEBUG]       net.bytebuddy:byte-buddy:jar:1.8.15:compile
[DEBUG]    org.seleniumhq.selenium:selenium-support:jar:3.141.59:compile
[DEBUG]    org.seleniumhq.selenium:selenium-api:jar:3.141.59:compile
[DEBUG]    org.seleniumhq.selenium:htmlunit-driver:jar:2.20:compile
[DEBUG]       net.sourceforge.htmlunit:htmlunit:jar:2.20:compile
[DEBUG]          net.sourceforge.nekohtml:nekohtml:jar:1.9.22:compile
[DEBUG]          net.sourceforge.cssparser:cssparser:jar:0.9.18:compile
[DEBUG]             org.w3c.css:sac:jar:1.3:compile
[DEBUG]       commons-collections:commons-collections:jar:3.2.2:compile
[DEBUG]    org.seleniumhq.selenium:selenium-java:jar:3.14.0:compile
[DEBUG]       org.seleniumhq.selenium:selenium-edge-driver:jar:3.14.0:compile
[DEBUG]       org.seleniumhq.selenium:selenium-firefox-driver:jar:3.14.0:compile
[DEBUG]       org.seleniumhq.selenium:selenium-ie-driver:jar:3.14.0:compile
[DEBUG]       org.seleniumhq.selenium:selenium-opera-driver:jar:3.14.0:compile
[DEBUG]       org.seleniumhq.selenium:selenium-safari-driver:jar:3.14.0:compile
[DEBUG]       commons-logging:commons-logging:jar:1.2:compile
[DEBUG]       org.apache.httpcomponents:httpcore:jar:4.4.9:compile
[DEBUG]    org.seleniumhq.selenium:selenium-server:jar:3.14.0:compile
[DEBUG]       org.apache.commons:commons-text:jar:1.1:compile
[DEBUG]       commons-net:commons-net:jar:3.6:compile
[DEBUG]       net.sourceforge.htmlunit:htmlunit-core-js:jar:2.28:compile
[DEBUG]       net.sourceforge.htmlunit:htmlunit-cssparser:jar:1.0.0:compile
[DEBUG]       net.sourceforge.htmlunit:neko-htmlunit:jar:2.30:compile
[DEBUG]       net.jcip:jcip-annotations:jar:1.0:compile
[DEBUG]       org.seleniumhq.selenium:jetty-repacked:jar:9.4.8.v20180619:compile
[DEBUG]       org.eclipse.jetty:jetty-client:jar:9.4.8.v20180619:compile
[DEBUG]       org.eclipse.jetty:jetty-http:jar:9.4.8.v20180619:compile
[DEBUG]       org.eclipse.jetty:jetty-io:jar:9.4.8.v20180619:compile
[DEBUG]       org.eclipse.jetty:jetty-util:jar:9.4.8.v20180619:compile
[DEBUG]       org.eclipse.jetty:jetty-xml:jar:9.4.8.v20180619:compile
[DEBUG]       javax.servlet:javax.servlet-api:jar:3.1.0:compile
[DEBUG]       org.eclipse.jetty.websocket:websocket-api:jar:9.4.8.v20180619:compile
[DEBUG]       org.eclipse.jetty.websocket:websocket-client:jar:9.4.8.v20180619:compile
[DEBUG]       org.eclipse.jetty.websocket:websocket-common:jar:9.4.8.v20180619:compile
[DEBUG]       xalan:serializer:jar:2.7.2:compile
[DEBUG]       xalan:xalan:jar:2.7.2:compile
[DEBUG]       xerces:xercesImpl:jar:2.11.0:compile
[DEBUG]       xml-apis:xml-apis:jar:1.4.01:compile
[DEBUG]    org.apache.commons:commons-exec:jar:1.3:compile
[DEBUG]    commons-lang:commons-lang:jar:2.6:compile
[DEBUG]    mysql:mysql-connector-java:jar:5.1.6:compile
[DEBUG]    org.apache.poi:poi-ooxml:jar:3.17:compile
[DEBUG]       org.apache.poi:poi-ooxml-schemas:jar:3.17:compile
[DEBUG]          org.apache.xmlbeans:xmlbeans:jar:2.6.0:compile
[DEBUG]             stax:stax-api:jar:1.0.1:compile
[DEBUG]       com.github.virtuald:curvesapi:jar:1.04:compile
[DEBUG]    org.apache.poi:poi:jar:3.17:compile
[DEBUG]       org.apache.commons:commons-collections4:jar:4.1:compile
[DEBUG]    io.appium:java-client:jar:4.1.2:compile
[DEBUG]       commons-validator:commons-validator:jar:1.5.1:compile
[DEBUG]          commons-digester:commons-digester:jar:1.8.1:compile
[DEBUG]       cglib:cglib-nodep:jar:3.2.4:compile
[DEBUG]       org.springframework:spring-context:jar:4.3.2.RELEASE:compile
[DEBUG]          org.springframework:spring-aop:jar:4.3.2.RELEASE:compile
[DEBUG]          org.springframework:spring-beans:jar:4.3.2.RELEASE:compile
[DEBUG]          org.springframework:spring-core:jar:4.3.2.RELEASE:compile
[DEBUG]          org.springframework:spring-expression:jar:4.3.2.RELEASE:compile
[DEBUG]       org.aspectj:aspectjweaver:jar:1.8.9:compile
[DEBUG]    org.postgresql:postgresql:jar:9.4-1206-jdbc42:compile
[DEBUG]    com.googlecode.json-simple:json-simple:jar:1.1:compile
[DEBUG]    org.apache.pdfbox:pdfbox:jar:1.8.1:compile
[DEBUG]       org.apache.pdfbox:fontbox:jar:1.8.1:compile
[DEBUG]       org.apache.pdfbox:jempbox:jar:1.8.1:compile
[DEBUG]    org.mongodb:mongodb-driver:jar:3.2.2:compile
[DEBUG]       org.mongodb:mongodb-driver-core:jar:3.2.2:compile
[DEBUG]       org.mongodb:bson:jar:3.2.2:compile
[DEBUG]    org.json:json:jar:20180813:compile
[DEBUG]    com.jcraft:jsch:jar:0.1.53:compile
[DEBUG]    io.github.sukgu:automation:jar:0.0.12:compile
[DEBUG]    org.assertj:assertj-core:jar:3.11.1:compile
[DEBUG]    org.slf4j:slf4j-api:jar:1.7.5:compile
[DEBUG]    org.jboss.aerogear:aerogear-otp-java:jar:1.0.0:compile
[DEBUG]    io.cucumber:cucumber-picocontainer:jar:4.2.3:compile
[DEBUG]       org.picocontainer:picocontainer:jar:2.15:compile
[DEBUG]    com.opencsv:opencsv:jar:5.6:compile
[DEBUG]       commons-beanutils:commons-beanutils:jar:1.9.4:compile
[DEBUG]    com.aventstack:extentreports:jar:3.1.5:compile
[DEBUG]       org.freemarker:freemarker:jar:2.3.23:compile
[DEBUG]    ru.yandex.qatools.allure:allure-java-annotations:jar:1.5.4:compile
[DEBUG]       ru.yandex.qatools.allure:allure-model:jar:1.5.4:compile
[DEBUG]          org.jvnet.jaxb2_commons:jaxb2-basics-runtime:jar:0.9.3:compile
[DEBUG]          ru.qatools.commons:properties:jar:2.0.RC5:compile
[INFO] 
[INFO] --- clean:3.2.0:clean (default-clean) @ AutomationUtils ---
[DEBUG] Dependency collection stats {ConflictMarker.analyzeTime=2318083, ConflictMarker.markTime=43250, ConflictMarker.nodeCount=3, ConflictIdSorter.graphTime=1365875, ConflictIdSorter.topsortTime=68791, ConflictIdSorter.conflictIdCount=3, ConflictIdSorter.conflictIdCycleCount=0, ConflictResolver.totalTime=2531000, ConflictResolver.conflictItemCount=3, DfDependencyCollector.collectTime=66536583, DfDependencyCollector.transformTime=6340209}
[DEBUG] org.apache.maven.plugins:maven-clean-plugin:jar:3.2.0
[DEBUG]    org.apache.maven.shared:maven-shared-utils:jar:3.3.4:compile
[DEBUG]       commons-io:commons-io:jar:2.6:compile
[DEBUG] Created new class realm plugin>org.apache.maven.plugins:maven-clean-plugin:3.2.0
[DEBUG] Importing foreign packages into class realm plugin>org.apache.maven.plugins:maven-clean-plugin:3.2.0
[DEBUG]   Imported:  < maven.api
[DEBUG] Populating class realm plugin>org.apache.maven.plugins:maven-clean-plugin:3.2.0
[DEBUG]   Included: org.apache.maven.plugins:maven-clean-plugin:jar:3.2.0
[DEBUG]   Included: org.apache.maven.shared:maven-shared-utils:jar:3.3.4
[DEBUG]   Included: commons-io:commons-io:jar:2.6
[DEBUG] Loading mojo org.apache.maven.plugins:maven-clean-plugin:3.2.0:clean from plugin realm ClassRealm[plugin>org.apache.maven.plugins:maven-clean-plugin:3.2.0, parent: sun.misc.Launcher$AppClassLoader@7852e922]
[DEBUG] Configuring mojo execution 'org.apache.maven.plugins:maven-clean-plugin:3.2.0:clean:default-clean' with basic configurator -->
[DEBUG]   (f) directory = /Users/pramodsingh/Desktop/automation/automationutils/target
[DEBUG]   (f) excludeDefaultDirectories = false
[DEBUG]   (f) failOnError = true
[DEBUG]   (f) fast = false
[DEBUG]   (f) fastMode = background
[DEBUG]   (f) followSymLinks = false
[DEBUG]   (f) outputDirectory = /Users/pramodsingh/Desktop/automation/automationutils/target/classes
[DEBUG]   (f) reportDirectory = /Users/pramodsingh/Desktop/automation/automationutils/target/classes
[DEBUG]   (f) retryOnError = true
[DEBUG]   (f) session = org.apache.maven.execution.MavenSession@2d9f64c9
[DEBUG]   (f) skip = false
[DEBUG]   (f) testOutputDirectory = /Users/pramodsingh/Desktop/automation/automationutils/target/test-classes
[DEBUG] -- end configuration --
[INFO] Deleting /Users/pramodsingh/Desktop/automation/automationutils/target
[INFO] Deleting file /Users/pramodsingh/Desktop/automation/automationutils/target/maven-status/maven-compiler-plugin/compile/default-compile/createdFiles.lst
[INFO] Deleting file /Users/pramodsingh/Desktop/automation/automationutils/target/maven-status/maven-compiler-plugin/compile/default-compile/inputFiles.lst
[INFO] Deleting directory /Users/pramodsingh/Desktop/automation/automationutils/target/maven-status/maven-compiler-plugin/compile/default-compile
[INFO] Deleting directory /Users/pramodsingh/Desktop/automation/automationutils/target/maven-status/maven-compiler-plugin/compile
[INFO] Deleting directory /Users/pramodsingh/Desktop/automation/automationutils/target/maven-status/maven-compiler-plugin
[INFO] Deleting directory /Users/pramodsingh/Desktop/automation/automationutils/target/maven-status
[INFO] Deleting file /Users/pramodsingh/Desktop/automation/automationutils/target/classes/EncryptCreds$py.class
[INFO] Deleting file /Users/pramodsingh/Desktop/automation/automationutils/target/classes/reportGenerator/report.jar
[INFO] Deleting file /Users/pramodsingh/Desktop/automation/automationutils/target/classes/reportGenerator/Template.html
[INFO] Deleting directory /Users/pramodsingh/Desktop/automation/automationutils/target/classes/reportGenerator
[INFO] Deleting file /Users/pramodsingh/Desktop/automation/automationutils/target/classes/PythonFile/EncryptCreds.py
[INFO] Deleting directory /Users/pramodsingh/Desktop/automation/automationutils/target/classes/PythonFile
[INFO] Deleting file /Users/pramodsingh/Desktop/automation/automationutils/target/classes/config/config.properties
[INFO] Deleting directory /Users/pramodsingh/Desktop/automation/automationutils/target/classes/config
[INFO] Deleting file /Users/pramodsingh/Desktop/automation/automationutils/target/classes/drivers/windowdriver/geckodriver.exe
[INFO] Deleting file /Users/pramodsingh/Desktop/automation/automationutils/target/classes/drivers/windowdriver/chromedriver.exe
[INFO] Deleting directory /Users/pramodsingh/Desktop/automation/automationutils/target/classes/drivers/windowdriver
[INFO] Deleting file /Users/pramodsingh/Desktop/automation/automationutils/target/classes/drivers/iOSDriver/chromedriver
[INFO] Deleting file /Users/pramodsingh/Desktop/automation/automationutils/target/classes/drivers/iOSDriver/geckodriver
[INFO] Deleting directory /Users/pramodsingh/Desktop/automation/automationutils/target/classes/drivers/iOSDriver
[INFO] Deleting directory /Users/pramodsingh/Desktop/automation/automationutils/target/classes/drivers
[INFO] Deleting file /Users/pramodsingh/Desktop/automation/automationutils/target/classes/TestData/TestData.xlsx
[INFO] Deleting file /Users/pramodsingh/Desktop/automation/automationutils/target/classes/TestData/ScenarioDetails.xlsx
[INFO] Deleting directory /Users/pramodsingh/Desktop/automation/automationutils/target/classes/TestData
[INFO] Deleting directory /Users/pramodsingh/Desktop/automation/automationutils/target/classes
[INFO] Deleting directory /Users/pramodsingh/Desktop/automation/automationutils/target/generated-sources/annotations
[INFO] Deleting directory /Users/pramodsingh/Desktop/automation/automationutils/target/generated-sources
[INFO] Deleting directory /Users/pramodsingh/Desktop/automation/automationutils/target
[DEBUG] Skipping non-existing directory /Users/pramodsingh/Desktop/automation/automationutils/target/classes
[DEBUG] Skipping non-existing directory /Users/pramodsingh/Desktop/automation/automationutils/target/test-classes
[DEBUG] Skipping non-existing directory /Users/pramodsingh/Desktop/automation/automationutils/target/classes
[INFO] 
[INFO] --- resources:3.1.0:resources (default-resources) @ AutomationUtils ---
[DEBUG] Dependency collection stats {ConflictMarker.analyzeTime=1433333, ConflictMarker.markTime=51000, ConflictMarker.nodeCount=68, ConflictIdSorter.graphTime=2482875, ConflictIdSorter.topsortTime=38583, ConflictIdSorter.conflictIdCount=28, ConflictIdSorter.conflictIdCycleCount=0, ConflictResolver.totalTime=872417, ConflictResolver.conflictItemCount=67, DfDependencyCollector.collectTime=150952750, DfDependencyCollector.transformTime=4903208}
[DEBUG] org.apache.maven.plugins:maven-resources-plugin:jar:3.1.0
[DEBUG]    org.apache.maven:maven-plugin-api:jar:3.0:compile
[DEBUG]       org.apache.maven:maven-artifact:jar:3.0:compile
[DEBUG]       org.sonatype.sisu:sisu-inject-plexus:jar:1.4.2:compile
[DEBUG]          org.sonatype.sisu:sisu-inject-bean:jar:1.4.2:compile
[DEBUG]             org.sonatype.sisu:sisu-guice:jar:noaop:2.1.7:compile
[DEBUG]    org.apache.maven:maven-core:jar:3.0:compile
[DEBUG]       org.apache.maven:maven-settings:jar:3.0:compile
[DEBUG]       org.apache.maven:maven-settings-builder:jar:3.0:compile
[DEBUG]       org.apache.maven:maven-repository-metadata:jar:3.0:compile
[DEBUG]       org.apache.maven:maven-model-builder:jar:3.0:compile
[DEBUG]       org.apache.maven:maven-aether-provider:jar:3.0:runtime
[DEBUG]       org.sonatype.aether:aether-impl:jar:1.7:compile
[DEBUG]          org.sonatype.aether:aether-spi:jar:1.7:compile
[DEBUG]       org.sonatype.aether:aether-api:jar:1.7:compile
[DEBUG]       org.sonatype.aether:aether-util:jar:1.7:compile
[DEBUG]       org.codehaus.plexus:plexus-classworlds:jar:2.2.3:compile
[DEBUG]       org.codehaus.plexus:plexus-component-annotations:jar:1.7.1:compile (version managed from default)
[DEBUG]       org.sonatype.plexus:plexus-sec-dispatcher:jar:1.3:compile
[DEBUG]          org.sonatype.plexus:plexus-cipher:jar:1.4:compile
[DEBUG]    org.apache.maven:maven-model:jar:3.0:compile
[DEBUG]    org.codehaus.plexus:plexus-utils:jar:3.1.0:compile
[DEBUG]    org.apache.maven.shared:maven-filtering:jar:3.1.1:compile
[DEBUG]       org.apache.maven.shared:maven-shared-utils:jar:3.0.0:compile
[DEBUG]          com.google.code.findbugs:jsr305:jar:2.0.1:compile
[DEBUG]       org.sonatype.plexus:plexus-build-api:jar:0.0.7:compile
[DEBUG]    commons-io:commons-io:jar:2.5:compile
[DEBUG]    org.codehaus.plexus:plexus-interpolation:jar:1.24:compile
[DEBUG] Created new class realm plugin>org.apache.maven.plugins:maven-resources-plugin:3.1.0
[DEBUG] Importing foreign packages into class realm plugin>org.apache.maven.plugins:maven-resources-plugin:3.1.0
[DEBUG]   Imported:  < maven.api
[DEBUG] Populating class realm plugin>org.apache.maven.plugins:maven-resources-plugin:3.1.0
[DEBUG]   Included: org.apache.maven.plugins:maven-resources-plugin:jar:3.1.0
[DEBUG]   Included: org.sonatype.sisu:sisu-inject-bean:jar:1.4.2
[DEBUG]   Included: org.sonatype.sisu:sisu-guice:jar:noaop:2.1.7
[DEBUG]   Included: org.sonatype.aether:aether-util:jar:1.7
[DEBUG]   Included: org.codehaus.plexus:plexus-component-annotations:jar:1.7.1
[DEBUG]   Included: org.sonatype.plexus:plexus-sec-dispatcher:jar:1.3
[DEBUG]   Included: org.sonatype.plexus:plexus-cipher:jar:1.4
[DEBUG]   Included: org.codehaus.plexus:plexus-utils:jar:3.1.0
[DEBUG]   Included: org.apache.maven.shared:maven-filtering:jar:3.1.1
[DEBUG]   Included: org.apache.maven.shared:maven-shared-utils:jar:3.0.0
[DEBUG]   Included: com.google.code.findbugs:jsr305:jar:2.0.1
[DEBUG]   Included: org.sonatype.plexus:plexus-build-api:jar:0.0.7
[DEBUG]   Included: commons-io:commons-io:jar:2.5
[DEBUG]   Included: org.codehaus.plexus:plexus-interpolation:jar:1.24
[DEBUG] Loading mojo org.apache.maven.plugins:maven-resources-plugin:3.1.0:resources from plugin realm ClassRealm[plugin>org.apache.maven.plugins:maven-resources-plugin:3.1.0, parent: sun.misc.Launcher$AppClassLoader@7852e922]
[DEBUG] Configuring mojo execution 'org.apache.maven.plugins:maven-resources-plugin:3.1.0:resources:default-resources' with basic configurator -->
[DEBUG]   (f) addDefaultExcludes = true
[DEBUG]   (f) buildFilters = []
[DEBUG]   (f) encoding = UTF-8
[DEBUG]   (f) escapeWindowsPaths = true
[DEBUG]   (f) fileNameFiltering = false
[DEBUG]   (s) includeEmptyDirs = false
[DEBUG]   (s) outputDirectory = /Users/pramodsingh/Desktop/automation/automationutils/target/classes
[DEBUG]   (s) overwrite = false
[DEBUG]   (f) project = MavenProject: com.pksautomation.automationutils:AutomationUtils:0.0.1-SNAPSHOT @ /Users/pramodsingh/Desktop/automation/automationutils/pom.xml
[DEBUG]   (s) resources = [Resource {targetPath: null, filtering: true, FileSet {directory: /Users/pramodsingh/Desktop/automation/automationutils/src/test/resources, PatternSet [includes: {}, excludes: {}]}}]
[DEBUG]   (f) session = org.apache.maven.execution.MavenSession@2d9f64c9
[DEBUG]   (f) skip = false
[DEBUG]   (f) supportMultiLineFiltering = false
[DEBUG]   (f) useBuildFilters = true
[DEBUG]   (s) useDefaultDelimiters = true
[DEBUG] -- end configuration --
[DEBUG] properties used {java.vendor=Temurin, sun.java.launcher=SUN_STANDARD, env.XPC_SERVICE_NAME=0, sun.management.compiler=HotSpot 64-Bit Tiered Compilers, os.name=Mac OS X, sun.boot.class.path=/Library/Java/JavaVirtualMachines/temurin-8.jdk/Contents/Home/jre/lib/resources.jar:/Library/Java/JavaVirtualMachines/temurin-8.jdk/Contents/Home/jre/lib/rt.jar:/Library/Java/JavaVirtualMachines/temurin-8.jdk/Contents/Home/jre/lib/sunrsasign.jar:/Library/Java/JavaVirtualMachines/temurin-8.jdk/Contents/Home/jre/lib/jsse.jar:/Library/Java/JavaVirtualMachines/temurin-8.jdk/Contents/Home/jre/lib/jce.jar:/Library/Java/JavaVirtualMachines/temurin-8.jdk/Contents/Home/jre/lib/charsets.jar:/Library/Java/JavaVirtualMachines/temurin-8.jdk/Contents/Home/jre/lib/jfr.jar:/Library/Java/JavaVirtualMachines/temurin-8.jdk/Contents/Home/jre/classes, env.TMPDIR=/var/folders/53/bmdrr0v55j1fp062357k3t2r0000gn/T/, env.PWD=/Users/pramodsingh/Desktop/automation/automationutils, env.PROCESS_LAUNCHED_BY_CW=1, java.vm.specification.vendor=Oracle Corporation, java.runtime.version=1.8.0_492-b09, project.build.sourceEncoding=UTF-8, user.name=pramodsingh, maven.build.version=Apache Maven 3.9.16 (2bdd9fddda4b155ebf8000e807eb73fd829a51d5), env.USER=pramodsingh, env.SHELL=/bin/zsh, env.__CF_USER_TEXT_ENCODING=0x1F5:0x0:0x0, env.PATH=/opt/homebrew/opt/maven/bin:/Library/Java/JavaVirtualMachines/temurin-8.jdk/Contents/Home/bin:/opt/homebrew/bin:/opt/homebrew/sbin:/usr/local/bin:/System/Cryptexes/App/usr/bin:/usr/bin:/bin:/usr/sbin:/sbin:/var/run/com.apple.security.cryptexd/codex.system/bootstrap/usr/local/bin:/var/run/com.apple.security.cryptexd/codex.system/bootstrap/usr/bin:/var/run/com.apple.security.cryptexd/codex.system/bootstrap/usr/appleinternal/bin, env.HOMEBREW_CELLAR=/opt/homebrew/Cellar, user.language=en, env.PROCESS_LAUNCHED_BY_Q=1, sun.boot.library.path=/Library/Java/JavaVirtualMachines/temurin-8.jdk/Contents/Home/jre/lib, classworlds.conf=/opt/homebrew/Cellar/maven/3.9.16/libexec/bin/m2.conf, env.XPC_FLAGS=0x0, env.LC_CTYPE=UTF-8, java.version=1.8.0_492, user.timezone=, project.baseUri=file:/Users/pramodsingh/Desktop/automation/automationutils/, maven.build.timestamp=2026-05-31T10:43:30Z, sun.arch.data.model=64, http.nonProxyHosts=local|*.local|169.254/16|*.169.254/16, java.endorsed.dirs=/Library/Java/JavaVirtualMachines/temurin-8.jdk/Contents/Home/jre/lib/endorsed, sun.cpu.isalist=, sun.jnu.encoding=UTF-8, file.encoding.pkg=sun.io, env.SHLVL=1, file.separator=/, java.specification.name=Java Platform API Specification, maven.conf=/opt/homebrew/Cellar/maven/3.9.16/libexec/conf, java.class.version=52.0, user.country=IN, java.home=/Library/Java/JavaVirtualMachines/temurin-8.jdk/Contents/Home/jre, java.vm.info=mixed mode, env.LOGNAME=pramodsingh, os.version=15.5, path.separator=:, java.vm.version=25.492-b09, env.__CFBundleIdentifier=com.jetbrains.intellij, env.HOMEBREW_PREFIX=/opt/homebrew, env.JAVA_HOME=/Library/Java/JavaVirtualMachines/temurin-8.jdk/Contents/Home, java.awt.printerjob=sun.lwawt.macosx.CPrinterJob, env.TERM=xterm-256color, sun.io.unicode.encoding=UnicodeBig, java.specification.maintenance.version=6, awt.toolkit=sun.lwawt.macosx.LWCToolkit, env.JAVA_MAIN_CLASS_38300=org.codehaus.plexus.classworlds.launcher.Launcher, socksNonProxyHosts=local|*.local|169.254/16|*.169.254/16, ftp.nonProxyHosts=local|*.local|169.254/16|*.169.254/16, user.home=/Users/pramodsingh, env.OLDPWD=/Users/pramodsingh/Desktop/automation/automationutils, java.specification.vendor=Oracle Corporation, library.jansi.path=/opt/homebrew/Cellar/maven/3.9.16/libexec/lib/jansi-native, java.library.path=/Users/pramodsingh/Library/Java/Extensions:/Library/Java/Extensions:/Network/Library/Java/Extensions:/System/Library/Java/Extensions:/usr/lib/java:., env.HOMEBREW_REPOSITORY=/opt/homebrew, java.vendor.url=https://adoptium.net/, env.MAVEN_CMD_LINE_ARGS= clean install -X, java.vm.vendor=Temurin, gopherProxySet=false, maven.home=/opt/homebrew/Cellar/maven/3.9.16/libexec, java.runtime.name=OpenJDK Runtime Environment, sun.java.command=org.codehaus.plexus.classworlds.launcher.Launcher clean install -X, java.class.path=/opt/homebrew/Cellar/maven/3.9.16/libexec/boot/plexus-classworlds-2.11.0.jar, env.TERM_SESSION_ID=e6dc18a3-51e3-423e-9413-9aa7d3fd2643, maven.version=3.9.16, env.FPATH=/opt/homebrew/share/zsh/site-functions:/usr/local/share/zsh/site-functions:/usr/share/zsh/site-functions:/usr/share/zsh/5.9/functions, env.FIG_TERM=1, java.vm.specification.name=Java Virtual Machine Specification, java.vm.specification.version=1.8, sun.os.patch.level=unknown, sun.cpu.endian=little, env.HOME=/Users/pramodsingh, java.io.tmpdir=/var/folders/53/bmdrr0v55j1fp062357k3t2r0000gn/T/, maven.multiModuleProjectDirectory=/Users/pramodsingh/Desktop/automation/automationutils, java.vendor.url.bug=https://github.com/adoptium/adoptium-support/issues, env.SSH_AUTH_SOCK=/private/tmp/com.apple.launchd.Mhaowd8MXp/Listeners, env.PYTHONUNBUFFERED=1, env.COMMAND_MODE=unix2003, java.awt.graphicsenv=sun.awt.CGraphicsEnvironment, os.arch=x86_64, java.ext.dirs=/Users/pramodsingh/Library/Java/Extensions:/Library/Java/JavaVirtualMachines/temurin-8.jdk/Contents/Home/jre/lib/ext:/Library/Java/Extensions:/Network/Library/Java/Extensions:/System/Library/Java/Extensions:/usr/lib/java, user.dir=/Users/pramodsingh/Desktop/automation/automationutils, env.MAVEN_HOME=/opt/homebrew/Cellar/maven/3.9.16/libexec, env.INFOPATH=/opt/homebrew/share/info:, line.separator=
, java.vm.name=OpenJDK 64-Bit Server VM, env.IJ_RESTARTER_LOG=/Users/pramodsingh/Library/Logs/JetBrains/IntelliJIdea2026.1/restarter.log, allure.version=1.4.12, env.TERMINAL_EMULATOR=JetBrains-JediTerm, file.encoding=UTF-8, java.specification.version=1.8, env.MAVEN_PROJECTBASEDIR=/Users/pramodsingh/Desktop/automation/automationutils}
[INFO] Using 'UTF-8' encoding to copy filtered resources.
[DEBUG] resource with targetPath null
directory /Users/pramodsingh/Desktop/automation/automationutils/src/test/resources
excludes []
includes []
[DEBUG] ignoreDelta true
[INFO] Copying 11 resources
[DEBUG] Copying file TestData/ScenarioDetails.xlsx
[DEBUG] file ScenarioDetails.xlsx has a filtered file extension
[DEBUG] filtering /Users/pramodsingh/Desktop/automation/automationutils/src/test/resources/TestData/ScenarioDetails.xlsx to /Users/pramodsingh/Desktop/automation/automationutils/target/classes/TestData/ScenarioDetails.xlsx
[DEBUG] Copying file TestData/TestData.xlsx
[DEBUG] file TestData.xlsx has a filtered file extension
[DEBUG] filtering /Users/pramodsingh/Desktop/automation/automationutils/src/test/resources/TestData/TestData.xlsx to /Users/pramodsingh/Desktop/automation/automationutils/target/classes/TestData/TestData.xlsx
[DEBUG] Copying file drivers/iOSDriver/geckodriver
[DEBUG] file geckodriver has a filtered file extension
[DEBUG] filtering /Users/pramodsingh/Desktop/automation/automationutils/src/test/resources/drivers/iOSDriver/geckodriver to /Users/pramodsingh/Desktop/automation/automationutils/target/classes/drivers/iOSDriver/geckodriver
[DEBUG] Copying file drivers/iOSDriver/chromedriver
[DEBUG] file chromedriver has a filtered file extension
[DEBUG] filtering /Users/pramodsingh/Desktop/automation/automationutils/src/test/resources/drivers/iOSDriver/chromedriver to /Users/pramodsingh/Desktop/automation/automationutils/target/classes/drivers/iOSDriver/chromedriver
[DEBUG] Copying file drivers/windowdriver/chromedriver.exe
[DEBUG] file chromedriver.exe has a filtered file extension
[DEBUG] filtering /Users/pramodsingh/Desktop/automation/automationutils/src/test/resources/drivers/windowdriver/chromedriver.exe to /Users/pramodsingh/Desktop/automation/automationutils/target/classes/drivers/windowdriver/chromedriver.exe
[DEBUG] Copying file drivers/windowdriver/geckodriver.exe
[DEBUG] file geckodriver.exe has a filtered file extension
[DEBUG] filtering /Users/pramodsingh/Desktop/automation/automationutils/src/test/resources/drivers/windowdriver/geckodriver.exe to /Users/pramodsingh/Desktop/automation/automationutils/target/classes/drivers/windowdriver/geckodriver.exe
[DEBUG] Copying file config/config.properties
[DEBUG] file config.properties has a filtered file extension
[DEBUG] filtering /Users/pramodsingh/Desktop/automation/automationutils/src/test/resources/config/config.properties to /Users/pramodsingh/Desktop/automation/automationutils/target/classes/config/config.properties
[DEBUG] Copying file PythonFile/EncryptCreds.py
[DEBUG] file EncryptCreds.py has a filtered file extension
[DEBUG] filtering /Users/pramodsingh/Desktop/automation/automationutils/src/test/resources/PythonFile/EncryptCreds.py to /Users/pramodsingh/Desktop/automation/automationutils/target/classes/PythonFile/EncryptCreds.py
[DEBUG] Copying file reportGenerator/Template.html
[DEBUG] file Template.html has a filtered file extension
[DEBUG] filtering /Users/pramodsingh/Desktop/automation/automationutils/src/test/resources/reportGenerator/Template.html to /Users/pramodsingh/Desktop/automation/automationutils/target/classes/reportGenerator/Template.html
[DEBUG] Copying file reportGenerator/report.jar
[DEBUG] file report.jar has a filtered file extension
[DEBUG] filtering /Users/pramodsingh/Desktop/automation/automationutils/src/test/resources/reportGenerator/report.jar to /Users/pramodsingh/Desktop/automation/automationutils/target/classes/reportGenerator/report.jar
[DEBUG] Copying file EncryptCreds$py.class
[DEBUG] file EncryptCreds$py.class has a filtered file extension
[DEBUG] filtering /Users/pramodsingh/Desktop/automation/automationutils/src/test/resources/EncryptCreds$py.class to /Users/pramodsingh/Desktop/automation/automationutils/target/classes/EncryptCreds$py.class
[DEBUG] no use filter components
[INFO] 
[INFO] --- compiler:3.8.0:compile (default-compile) @ AutomationUtils ---
[DEBUG] Dependency collection stats {ConflictMarker.analyzeTime=5407375, ConflictMarker.markTime=146584, ConflictMarker.nodeCount=118, ConflictIdSorter.graphTime=1549500, ConflictIdSorter.topsortTime=153667, ConflictIdSorter.conflictIdCount=45, ConflictIdSorter.conflictIdCycleCount=0, ConflictResolver.totalTime=6892542, ConflictResolver.conflictItemCount=72, DfDependencyCollector.collectTime=195334875, DfDependencyCollector.transformTime=14251375}
[DEBUG] org.apache.maven.plugins:maven-compiler-plugin:jar:3.8.0
[DEBUG]    org.apache.maven:maven-plugin-api:jar:3.0:compile
[DEBUG]       org.apache.maven:maven-model:jar:3.0:compile
[DEBUG]       org.sonatype.sisu:sisu-inject-plexus:jar:1.4.2:compile
[DEBUG]          org.sonatype.sisu:sisu-inject-bean:jar:1.4.2:compile
[DEBUG]             org.sonatype.sisu:sisu-guice:jar:noaop:2.1.7:compile
[DEBUG]    org.apache.maven:maven-artifact:jar:3.0:compile
[DEBUG]       org.codehaus.plexus:plexus-utils:jar:2.0.4:compile
[DEBUG]    org.apache.maven:maven-core:jar:3.0:compile
[DEBUG]       org.apache.maven:maven-settings:jar:3.0:compile
[DEBUG]       org.apache.maven:maven-settings-builder:jar:3.0:compile
[DEBUG]       org.apache.maven:maven-repository-metadata:jar:3.0:compile
[DEBUG]       org.apache.maven:maven-model-builder:jar:3.0:compile
[DEBUG]       org.apache.maven:maven-aether-provider:jar:3.0:runtime
[DEBUG]       org.sonatype.aether:aether-impl:jar:1.7:compile
[DEBUG]          org.sonatype.aether:aether-spi:jar:1.7:compile
[DEBUG]       org.sonatype.aether:aether-api:jar:1.7:compile
[DEBUG]       org.sonatype.aether:aether-util:jar:1.7:compile
[DEBUG]       org.codehaus.plexus:plexus-interpolation:jar:1.14:compile
[DEBUG]       org.codehaus.plexus:plexus-classworlds:jar:2.2.3:compile
[DEBUG]       org.codehaus.plexus:plexus-component-annotations:jar:1.7.1:compile (version managed from default)
[DEBUG]       org.sonatype.plexus:plexus-sec-dispatcher:jar:1.3:compile
[DEBUG]          org.sonatype.plexus:plexus-cipher:jar:1.4:compile
[DEBUG]    org.apache.maven.shared:maven-shared-utils:jar:3.2.1:compile
[DEBUG]       commons-io:commons-io:jar:2.5:compile
[DEBUG]    org.apache.maven.shared:maven-shared-incremental:jar:1.1:compile
[DEBUG]    org.codehaus.plexus:plexus-java:jar:0.9.10:compile
[DEBUG]       org.ow2.asm:asm:jar:6.2:compile
[DEBUG]       com.thoughtworks.qdox:qdox:jar:2.0-M9:compile (version managed from default)
[DEBUG]    org.codehaus.plexus:plexus-compiler-api:jar:2.8.4:compile
[DEBUG]    org.codehaus.plexus:plexus-compiler-manager:jar:2.8.4:compile
[DEBUG]    org.codehaus.plexus:plexus-compiler-javac:jar:2.8.4:runtime
[DEBUG] Created new class realm plugin>org.apache.maven.plugins:maven-compiler-plugin:3.8.0
[DEBUG] Importing foreign packages into class realm plugin>org.apache.maven.plugins:maven-compiler-plugin:3.8.0
[DEBUG]   Imported:  < maven.api
[DEBUG] Populating class realm plugin>org.apache.maven.plugins:maven-compiler-plugin:3.8.0
[DEBUG]   Included: org.apache.maven.plugins:maven-compiler-plugin:jar:3.8.0
[DEBUG]   Included: org.sonatype.sisu:sisu-inject-bean:jar:1.4.2
[DEBUG]   Included: org.sonatype.sisu:sisu-guice:jar:noaop:2.1.7
[DEBUG]   Included: org.codehaus.plexus:plexus-utils:jar:2.0.4
[DEBUG]   Included: org.sonatype.aether:aether-util:jar:1.7
[DEBUG]   Included: org.codehaus.plexus:plexus-interpolation:jar:1.14
[DEBUG]   Included: org.codehaus.plexus:plexus-component-annotations:jar:1.7.1
[DEBUG]   Included: org.sonatype.plexus:plexus-sec-dispatcher:jar:1.3
[DEBUG]   Included: org.sonatype.plexus:plexus-cipher:jar:1.4
[DEBUG]   Included: org.apache.maven.shared:maven-shared-utils:jar:3.2.1
[DEBUG]   Included: commons-io:commons-io:jar:2.5
[DEBUG]   Included: org.apache.maven.shared:maven-shared-incremental:jar:1.1
[DEBUG]   Included: org.codehaus.plexus:plexus-java:jar:0.9.10
[DEBUG]   Included: org.ow2.asm:asm:jar:6.2
[DEBUG]   Included: com.thoughtworks.qdox:qdox:jar:2.0-M9
[DEBUG]   Included: org.codehaus.plexus:plexus-compiler-api:jar:2.8.4
[DEBUG]   Included: org.codehaus.plexus:plexus-compiler-manager:jar:2.8.4
[DEBUG]   Included: org.codehaus.plexus:plexus-compiler-javac:jar:2.8.4
[DEBUG] Loading mojo org.apache.maven.plugins:maven-compiler-plugin:3.8.0:compile from plugin realm ClassRealm[plugin>org.apache.maven.plugins:maven-compiler-plugin:3.8.0, parent: sun.misc.Launcher$AppClassLoader@7852e922]
[DEBUG] Configuring mojo execution 'org.apache.maven.plugins:maven-compiler-plugin:3.8.0:compile:default-compile' with basic configurator -->
[DEBUG]   (f) basedir = /Users/pramodsingh/Desktop/automation/automationutils
[DEBUG]   (f) buildDirectory = /Users/pramodsingh/Desktop/automation/automationutils/target
[DEBUG]   (f) compilePath = [/Users/pramodsingh/Desktop/automation/automationutils/target/classes, /Users/pramodsingh/.m2/repository/com/fasterxml/jackson/core/jackson-annotations/2.8.8/jackson-annotations-2.8.8.jar, /Users/pramodsingh/.m2/repository/com/jayway/restassured/rest-assured/2.9.0/rest-assured-2.9.0.jar, /Users/pramodsingh/.m2/repository/org/codehaus/groovy/groovy/2.4.4/groovy-2.4.4.jar, /Users/pramodsingh/.m2/repository/org/codehaus/groovy/groovy-xml/2.4.4/groovy-xml-2.4.4.jar, /Users/pramodsingh/.m2/repository/org/apache/httpcomponents/httpclient/4.5.1/httpclient-4.5.1.jar, /Users/pramodsingh/.m2/repository/org/apache/httpcomponents/httpmime/4.5.1/httpmime-4.5.1.jar, /Users/pramodsingh/.m2/repository/org/hamcrest/hamcrest-core/1.3/hamcrest-core-1.3.jar, /Users/pramodsingh/.m2/repository/org/hamcrest/hamcrest-library/1.3/hamcrest-library-1.3.jar, /Users/pramodsingh/.m2/repository/org/ccil/cowan/tagsoup/tagsoup/1.2.1/tagsoup-1.2.1.jar, /Users/pramodsingh/.m2/repository/com/jayway/restassured/json-path/2.9.0/json-path-2.9.0.jar, /Users/pramodsingh/.m2/repository/org/codehaus/groovy/groovy-json/2.4.4/groovy-json-2.4.4.jar, /Users/pramodsingh/.m2/repository/com/jayway/restassured/rest-assured-common/2.9.0/rest-assured-common-2.9.0.jar, /Users/pramodsingh/.m2/repository/com/jayway/restassured/xml-path/2.9.0/xml-path-2.9.0.jar, /Users/pramodsingh/.m2/repository/org/apache/commons/commons-lang3/3.3.2/commons-lang3-3.3.2.jar, /Users/pramodsingh/.m2/repository/com/networknt/json-schema-validator/1.0.42/json-schema-validator-1.0.42.jar, /Users/pramodsingh/.m2/repository/org/jruby/joni/joni/2.1.31/joni-2.1.31.jar, /Users/pramodsingh/.m2/repository/org/jruby/jcodings/jcodings/1.0.46/jcodings-1.0.46.jar, /Users/pramodsingh/.m2/repository/com/google/guava/guava/25.0-jre/guava-25.0-jre.jar, /Users/pramodsingh/.m2/repository/com/google/code/findbugs/jsr305/1.3.9/jsr305-1.3.9.jar, /Users/pramodsingh/.m2/repository/org/checkerframework/checker-compat-qual/2.0.0/checker-compat-qual-2.0.0.jar, /Users/pramodsingh/.m2/repository/com/google/errorprone/error_prone_annotations/2.1.3/error_prone_annotations-2.1.3.jar, /Users/pramodsingh/.m2/repository/com/google/j2objc/j2objc-annotations/1.1/j2objc-annotations-1.1.jar, /Users/pramodsingh/.m2/repository/org/codehaus/mojo/animal-sniffer-annotations/1.14/animal-sniffer-annotations-1.14.jar, /Users/pramodsingh/.m2/repository/org/testng/testng/6.14.3/testng-6.14.3.jar, /Users/pramodsingh/.m2/repository/com/beust/jcommander/1.72/jcommander-1.72.jar, /Users/pramodsingh/.m2/repository/org/apache-extras/beanshell/bsh/2.0b6/bsh-2.0b6.jar, /Users/pramodsingh/.m2/repository/org/uncommons/reportng/1.1.4/reportng-1.1.4.jar, /Users/pramodsingh/.m2/repository/velocity/velocity/1.4/velocity-1.4.jar, /Users/pramodsingh/.m2/repository/com/amazon/redshift/redshift-jdbc42/2.0.0.5/redshift-jdbc42-2.0.0.5.jar, /Users/pramodsingh/.m2/repository/org/yaml/snakeyaml/1.24/snakeyaml-1.24.jar, /Users/pramodsingh/.m2/repository/commons-io/commons-io/2.6/commons-io-2.6.jar, /Users/pramodsingh/.m2/repository/io/github/bonigarcia/webdrivermanager/5.0.3/webdrivermanager-5.0.3.jar, /Users/pramodsingh/.m2/repository/com/google/code/gson/gson/2.8.8/gson-2.8.8.jar, /Users/pramodsingh/.m2/repository/org/jsoup/jsoup/1.14.2/jsoup-1.14.2.jar, /Users/pramodsingh/.m2/repository/com/github/docker-java/docker-java/3.2.12/docker-java-3.2.12.jar, /Users/pramodsingh/.m2/repository/com/github/docker-java/docker-java-core/3.2.12/docker-java-core-3.2.12.jar, /Users/pramodsingh/.m2/repository/com/github/docker-java/docker-java-api/3.2.12/docker-java-api-3.2.12.jar, /Users/pramodsingh/.m2/repository/org/apache/commons/commons-compress/1.21/commons-compress-1.21.jar, /Users/pramodsingh/.m2/repository/org/bouncycastle/bcpkix-jdk15on/1.64/bcpkix-jdk15on-1.64.jar, /Users/pramodsingh/.m2/repository/org/bouncycastle/bcprov-jdk15on/1.64/bcprov-jdk15on-1.64.jar, /Users/pramodsingh/.m2/repository/org/slf4j/jcl-over-slf4j/1.7.30/jcl-over-slf4j-1.7.30.jar, /Users/pramodsingh/.m2/repository/com/github/docker-java/docker-java-transport-httpclient5/3.2.12/docker-java-transport-httpclient5-3.2.12.jar, /Users/pramodsingh/.m2/repository/com/github/docker-java/docker-java-transport/3.2.12/docker-java-transport-3.2.12.jar, /Users/pramodsingh/.m2/repository/org/apache/httpcomponents/client5/httpclient5/5.0.3/httpclient5-5.0.3.jar, /Users/pramodsingh/.m2/repository/org/apache/httpcomponents/core5/httpcore5/5.0.2/httpcore5-5.0.2.jar, /Users/pramodsingh/.m2/repository/net/java/dev/jna/jna/5.8.0/jna-5.8.0.jar, /Users/pramodsingh/.m2/repository/org/brotli/dec/0.1.2/dec-0.1.2.jar, /Users/pramodsingh/.m2/repository/com/squareup/okhttp3/logging-interceptor/4.9.0/logging-interceptor-4.9.0.jar, /Users/pramodsingh/.m2/repository/org/jetbrains/kotlin/kotlin-stdlib-jdk8/1.4.10/kotlin-stdlib-jdk8-1.4.10.jar, /Users/pramodsingh/.m2/repository/org/jetbrains/kotlin/kotlin-stdlib-jdk7/1.4.10/kotlin-stdlib-jdk7-1.4.10.jar, /Users/pramodsingh/.m2/repository/com/squareup/okhttp3/okhttp/4.9.1/okhttp-4.9.1.jar, /Users/pramodsingh/.m2/repository/com/squareup/okio/okio/2.8.0/okio-2.8.0.jar, /Users/pramodsingh/.m2/repository/org/jetbrains/kotlin/kotlin-stdlib/1.3.70/kotlin-stdlib-1.3.70.jar, /Users/pramodsingh/.m2/repository/org/jetbrains/kotlin/kotlin-stdlib-common/1.3.70/kotlin-stdlib-common-1.3.70.jar, /Users/pramodsingh/.m2/repository/org/jetbrains/annotations/13.0/annotations-13.0.jar, /Users/pramodsingh/.m2/repository/com/epam/healenium/healenium-web/3.1.6/healenium-web-3.1.6.jar, /Users/pramodsingh/.m2/repository/org/apache/maven/plugins/maven-surefire-plugin/3.0.0-M5/maven-surefire-plugin-3.0.0-M5.jar, /Users/pramodsingh/.m2/repository/org/apache/maven/surefire/maven-surefire-common/3.0.0-M5/maven-surefire-common-3.0.0-M5.jar, /Users/pramodsingh/.m2/repository/org/apache/maven/surefire/surefire-api/3.0.0-M5/surefire-api-3.0.0-M5.jar, /Users/pramodsingh/.m2/repository/org/apache/maven/surefire/surefire-logger-api/3.0.0-M5/surefire-logger-api-3.0.0-M5.jar, /Users/pramodsingh/.m2/repository/org/apache/maven/surefire/surefire-extensions-api/3.0.0-M5/surefire-extensions-api-3.0.0-M5.jar, /Users/pramodsingh/.m2/repository/org/apache/maven/surefire/surefire-booter/3.0.0-M5/surefire-booter-3.0.0-M5.jar, /Users/pramodsingh/.m2/repository/org/apache/maven/surefire/surefire-extensions-spi/3.0.0-M5/surefire-extensions-spi-3.0.0-M5.jar, /Users/pramodsingh/.m2/repository/org/apache/maven/maven-toolchain/3.0-alpha-2/maven-toolchain-3.0-alpha-2.jar, /Users/pramodsingh/.m2/repository/org/apache/maven/shared/maven-artifact-transfer/0.11.0/maven-artifact-transfer-0.11.0.jar, /Users/pramodsingh/.m2/repository/org/apache/maven/shared/maven-common-artifact-filters/3.0.1/maven-common-artifact-filters-3.0.1.jar, /Users/pramodsingh/.m2/repository/org/sonatype/sisu/sisu-inject-plexus/1.4.2/sisu-inject-plexus-1.4.2.jar, /Users/pramodsingh/.m2/repository/org/sonatype/sisu/sisu-inject-bean/1.4.2/sisu-inject-bean-1.4.2.jar, /Users/pramodsingh/.m2/repository/org/sonatype/sisu/sisu-guice/2.1.7/sisu-guice-2.1.7-noaop.jar, /Users/pramodsingh/.m2/repository/org/codehaus/plexus/plexus-java/1.0.5/plexus-java-1.0.5.jar, /Users/pramodsingh/.m2/repository/org/ow2/asm/asm/7.2/asm-7.2.jar, /Users/pramodsingh/.m2/repository/com/thoughtworks/qdox/qdox/2.0-M9/qdox-2.0-M9.jar, /Users/pramodsingh/.m2/repository/org/apache/maven/surefire/surefire-shared-utils/3.0.0-M4/surefire-shared-utils-3.0.0-M4.jar, /Users/pramodsingh/.m2/repository/org/apache/maven/maven-artifact/2.0.11/maven-artifact-2.0.11.jar, /Users/pramodsingh/.m2/repository/org/apache/maven/maven-compat/3.8.1/maven-compat-3.8.1.jar, /Users/pramodsingh/.m2/repository/org/apache/maven/maven-model/3.8.1/maven-model-3.8.1.jar, /Users/pramodsingh/.m2/repository/org/apache/maven/maven-model-builder/3.8.1/maven-model-builder-3.8.1.jar, /Users/pramodsingh/.m2/repository/javax/inject/javax.inject/1/javax.inject-1.jar, /Users/pramodsingh/.m2/repository/org/apache/maven/maven-builder-support/3.8.1/maven-builder-support-3.8.1.jar, /Users/pramodsingh/.m2/repository/org/eclipse/sisu/org.eclipse.sisu.inject/0.3.4/org.eclipse.sisu.inject-0.3.4.jar, /Users/pramodsingh/.m2/repository/org/apache/maven/maven-settings/3.8.1/maven-settings-3.8.1.jar, /Users/pramodsingh/.m2/repository/org/apache/maven/maven-settings-builder/3.8.1/maven-settings-builder-3.8.1.jar, /Users/pramodsingh/.m2/repository/org/sonatype/plexus/plexus-sec-dispatcher/1.4/plexus-sec-dispatcher-1.4.jar, /Users/pramodsingh/.m2/repository/org/sonatype/plexus/plexus-cipher/1.4/plexus-cipher-1.4.jar, /Users/pramodsingh/.m2/repository/org/apache/maven/maven-core/3.8.1/maven-core-3.8.1.jar, /Users/pramodsingh/.m2/repository/org/apache/maven/resolver/maven-resolver-spi/1.6.2/maven-resolver-spi-1.6.2.jar, /Users/pramodsingh/.m2/repository/org/apache/maven/shared/maven-shared-utils/3.2.1/maven-shared-utils-3.2.1.jar, /Users/pramodsingh/.m2/repository/com/google/inject/guice/4.2.1/guice-4.2.1-no_aop.jar, /Users/pramodsingh/.m2/repository/aopalliance/aopalliance/1.0/aopalliance-1.0.jar, /Users/pramodsingh/.m2/repository/org/apache/maven/maven-resolver-provider/3.8.1/maven-resolver-provider-3.8.1.jar, /Users/pramodsingh/.m2/repository/org/apache/maven/maven-repository-metadata/3.8.1/maven-repository-metadata-3.8.1.jar, /Users/pramodsingh/.m2/repository/org/apache/maven/resolver/maven-resolver-api/1.6.2/maven-resolver-api-1.6.2.jar, /Users/pramodsingh/.m2/repository/org/apache/maven/resolver/maven-resolver-util/1.6.2/maven-resolver-util-1.6.2.jar, /Users/pramodsingh/.m2/repository/org/apache/maven/resolver/maven-resolver-impl/1.6.2/maven-resolver-impl-1.6.2.jar, /Users/pramodsingh/.m2/repository/org/codehaus/plexus/plexus-interpolation/1.25/plexus-interpolation-1.25.jar, /Users/pramodsingh/.m2/repository/org/eclipse/sisu/org.eclipse.sisu.plexus/0.3.4/org.eclipse.sisu.plexus-0.3.4.jar, /Users/pramodsingh/.m2/repository/javax/enterprise/cdi-api/1.0/cdi-api-1.0.jar, /Users/pramodsingh/.m2/repository/javax/annotation/jsr250-api/1.0/jsr250-api-1.0.jar, /Users/pramodsingh/.m2/repository/org/codehaus/plexus/plexus-component-annotations/2.1.0/plexus-component-annotations-2.1.0.jar, /Users/pramodsingh/.m2/repository/org/apache/maven/wagon/wagon-provider-api/3.4.3/wagon-provider-api-3.4.3.jar, /Users/pramodsingh/.m2/repository/org/apache/maven/maven-plugin-api/3.8.1/maven-plugin-api-3.8.1.jar, /Users/pramodsingh/.m2/repository/org/codehaus/plexus/plexus-classworlds/2.6.0/plexus-classworlds-2.6.0.jar, /Users/pramodsingh/.m2/repository/com/typesafe/config/1.3.4/config-1.3.4.jar, /Users/pramodsingh/.m2/repository/com/epam/healenium/tree-comparing/0.4.10/tree-comparing-0.4.10.jar, /Users/pramodsingh/.m2/repository/commons-codec/commons-codec/1.12/commons-codec-1.12.jar, /Users/pramodsingh/.m2/repository/org/slf4j/slf4j-simple/1.7.30/slf4j-simple-1.7.30.jar, /Users/pramodsingh/.m2/repository/org/mapstruct/mapstruct/1.4.2.Final/mapstruct-1.4.2.Final.jar, /Users/pramodsingh/.m2/repository/org/projectlombok/lombok/1.18.20/lombok-1.18.20.jar, /Users/pramodsingh/.m2/repository/one/util/streamex/0.7.2/streamex-0.7.2.jar, /Users/pramodsingh/.m2/repository/org/mapstruct/mapstruct-processor/1.4.2.Final/mapstruct-processor-1.4.2.Final.jar, /Users/pramodsingh/.m2/repository/io/cucumber/cucumber-java8/4.2.3/cucumber-java8-4.2.3.jar, /Users/pramodsingh/.m2/repository/net/jodah/typetools/0.5.0/typetools-0.5.0.jar, /Users/pramodsingh/.m2/repository/io/cucumber/cucumber-java/4.2.3/cucumber-java-4.2.3.jar, /Users/pramodsingh/.m2/repository/io/cucumber/cucumber-core/4.2.3/cucumber-core-4.2.3.jar, /Users/pramodsingh/.m2/repository/io/cucumber/cucumber-html/0.2.7/cucumber-html-0.2.7.jar, /Users/pramodsingh/.m2/repository/io/cucumber/gherkin/5.1.0/gherkin-5.1.0.jar, /Users/pramodsingh/.m2/repository/io/cucumber/tag-expressions/1.1.1/tag-expressions-1.1.1.jar, /Users/pramodsingh/.m2/repository/io/cucumber/cucumber-expressions/6.2.0/cucumber-expressions-6.2.0.jar, /Users/pramodsingh/.m2/repository/io/cucumber/datatable/1.1.12/datatable-1.1.12.jar, /Users/pramodsingh/.m2/repository/io/cucumber/datatable-dependencies/1.1.12/datatable-dependencies-1.1.12.jar, /Users/pramodsingh/.m2/repository/org/python/jython-standalone/2.7.2/jython-standalone-2.7.2.jar, /Users/pramodsingh/.m2/repository/net/masterthought/cucumber-reporting/4.2.3/cucumber-reporting-4.2.3.jar, /Users/pramodsingh/.m2/repository/org/apache/velocity/velocity/1.7/velocity-1.7.jar, /Users/pramodsingh/.m2/repository/velocity-tools/velocity-tools/1.4/velocity-tools-1.4.jar, /Users/pramodsingh/.m2/repository/joda-time/joda-time/2.10.1/joda-time-2.10.1.jar, /Users/pramodsingh/.m2/repository/org/codehaus/plexus/plexus-utils/3.1.0/plexus-utils-3.1.0.jar, /Users/pramodsingh/.m2/repository/com/googlecode/owasp-java-html-sanitizer/owasp-java-html-sanitizer/20181114.1/owasp-java-html-sanitizer-20181114.1.jar, /Users/pramodsingh/.m2/repository/commons-configuration/commons-configuration/1.10/commons-configuration-1.10.jar, /Users/pramodsingh/.m2/repository/io/cucumber/cucumber-testng/4.2.3/cucumber-testng-4.2.3.jar, /Users/pramodsingh/.m2/repository/com/fasterxml/jackson/core/jackson-core/2.6.3/jackson-core-2.6.3.jar, /Users/pramodsingh/.m2/repository/com/fasterxml/jackson/core/jackson-databind/2.6.3/jackson-databind-2.6.3.jar, /Users/pramodsingh/.m2/repository/com/fasterxml/jackson/datatype/jackson-datatype-joda/2.6.3/jackson-datatype-joda-2.6.3.jar, /Users/pramodsingh/.m2/repository/io/rest-assured/rest-assured/3.0.0/rest-assured-3.0.0.jar, /Users/pramodsingh/.m2/repository/io/rest-assured/json-path/3.0.0/json-path-3.0.0.jar, /Users/pramodsingh/.m2/repository/io/rest-assured/rest-assured-common/3.0.0/rest-assured-common-3.0.0.jar, /Users/pramodsingh/.m2/repository/io/rest-assured/xml-path/3.0.0/xml-path-3.0.0.jar, /Users/pramodsingh/.m2/repository/com/opera/operadriver/1.5/operadriver-1.5.jar, /Users/pramodsingh/.m2/repository/com/opera/operalaunchers/1.1/operalaunchers-1.1.jar, /Users/pramodsingh/.m2/repository/com/google/protobuf/protobuf-java/2.4.1/protobuf-java-2.4.1.jar, /Users/pramodsingh/.m2/repository/commons-jxpath/commons-jxpath/1.3/commons-jxpath-1.3.jar, /Users/pramodsingh/.m2/repository/org/ini4j/ini4j/0.5.2/ini4j-0.5.2.jar, /Users/pramodsingh/.m2/repository/org/codehaus/jackson/jackson-mapper-asl/1.5.0/jackson-mapper-asl-1.5.0.jar, /Users/pramodsingh/.m2/repository/org/codehaus/jackson/jackson-core-asl/1.5.0/jackson-core-asl-1.5.0.jar, /Users/pramodsingh/.m2/repository/org/seleniumhq/selenium/selenium-chrome-driver/3.141.59/selenium-chrome-driver-3.141.59.jar, /Users/pramodsingh/.m2/repository/org/seleniumhq/selenium/selenium-remote-driver/3.141.59/selenium-remote-driver-3.141.59.jar, /Users/pramodsingh/.m2/repository/net/bytebuddy/byte-buddy/1.8.15/byte-buddy-1.8.15.jar, /Users/pramodsingh/.m2/repository/org/seleniumhq/selenium/selenium-support/3.141.59/selenium-support-3.141.59.jar, /Users/pramodsingh/.m2/repository/org/seleniumhq/selenium/selenium-api/3.141.59/selenium-api-3.141.59.jar, /Users/pramodsingh/.m2/repository/org/seleniumhq/selenium/htmlunit-driver/2.20/htmlunit-driver-2.20.jar, /Users/pramodsingh/.m2/repository/net/sourceforge/htmlunit/htmlunit/2.20/htmlunit-2.20.jar, /Users/pramodsingh/.m2/repository/net/sourceforge/nekohtml/nekohtml/1.9.22/nekohtml-1.9.22.jar, /Users/pramodsingh/.m2/repository/net/sourceforge/cssparser/cssparser/0.9.18/cssparser-0.9.18.jar, /Users/pramodsingh/.m2/repository/org/w3c/css/sac/1.3/sac-1.3.jar, /Users/pramodsingh/.m2/repository/commons-collections/commons-collections/3.2.2/commons-collections-3.2.2.jar, /Users/pramodsingh/.m2/repository/org/seleniumhq/selenium/selenium-java/3.14.0/selenium-java-3.14.0.jar, /Users/pramodsingh/.m2/repository/org/seleniumhq/selenium/selenium-edge-driver/3.14.0/selenium-edge-driver-3.14.0.jar, /Users/pramodsingh/.m2/repository/org/seleniumhq/selenium/selenium-firefox-driver/3.14.0/selenium-firefox-driver-3.14.0.jar, /Users/pramodsingh/.m2/repository/org/seleniumhq/selenium/selenium-ie-driver/3.14.0/selenium-ie-driver-3.14.0.jar, /Users/pramodsingh/.m2/repository/org/seleniumhq/selenium/selenium-opera-driver/3.14.0/selenium-opera-driver-3.14.0.jar, /Users/pramodsingh/.m2/repository/org/seleniumhq/selenium/selenium-safari-driver/3.14.0/selenium-safari-driver-3.14.0.jar, /Users/pramodsingh/.m2/repository/commons-logging/commons-logging/1.2/commons-logging-1.2.jar, /Users/pramodsingh/.m2/repository/org/apache/httpcomponents/httpcore/4.4.9/httpcore-4.4.9.jar, /Users/pramodsingh/.m2/repository/org/seleniumhq/selenium/selenium-server/3.14.0/selenium-server-3.14.0.jar, /Users/pramodsingh/.m2/repository/org/apache/commons/commons-text/1.1/commons-text-1.1.jar, /Users/pramodsingh/.m2/repository/commons-net/commons-net/3.6/commons-net-3.6.jar, /Users/pramodsingh/.m2/repository/net/sourceforge/htmlunit/htmlunit-core-js/2.28/htmlunit-core-js-2.28.jar, /Users/pramodsingh/.m2/repository/net/sourceforge/htmlunit/htmlunit-cssparser/1.0.0/htmlunit-cssparser-1.0.0.jar, /Users/pramodsingh/.m2/repository/net/sourceforge/htmlunit/neko-htmlunit/2.30/neko-htmlunit-2.30.jar, /Users/pramodsingh/.m2/repository/net/jcip/jcip-annotations/1.0/jcip-annotations-1.0.jar, /Users/pramodsingh/.m2/repository/org/seleniumhq/selenium/jetty-repacked/9.4.8.v20180619/jetty-repacked-9.4.8.v20180619.jar, /Users/pramodsingh/.m2/repository/org/eclipse/jetty/jetty-client/9.4.8.v20180619/jetty-client-9.4.8.v20180619.jar, /Users/pramodsingh/.m2/repository/org/eclipse/jetty/jetty-http/9.4.8.v20180619/jetty-http-9.4.8.v20180619.jar, /Users/pramodsingh/.m2/repository/org/eclipse/jetty/jetty-io/9.4.8.v20180619/jetty-io-9.4.8.v20180619.jar, /Users/pramodsingh/.m2/repository/org/eclipse/jetty/jetty-util/9.4.8.v20180619/jetty-util-9.4.8.v20180619.jar, /Users/pramodsingh/.m2/repository/org/eclipse/jetty/jetty-xml/9.4.8.v20180619/jetty-xml-9.4.8.v20180619.jar, /Users/pramodsingh/.m2/repository/javax/servlet/javax.servlet-api/3.1.0/javax.servlet-api-3.1.0.jar, /Users/pramodsingh/.m2/repository/org/eclipse/jetty/websocket/websocket-api/9.4.8.v20180619/websocket-api-9.4.8.v20180619.jar, /Users/pramodsingh/.m2/repository/org/eclipse/jetty/websocket/websocket-client/9.4.8.v20180619/websocket-client-9.4.8.v20180619.jar, /Users/pramodsingh/.m2/repository/org/eclipse/jetty/websocket/websocket-common/9.4.8.v20180619/websocket-common-9.4.8.v20180619.jar, /Users/pramodsingh/.m2/repository/xalan/serializer/2.7.2/serializer-2.7.2.jar, /Users/pramodsingh/.m2/repository/xalan/xalan/2.7.2/xalan-2.7.2.jar, /Users/pramodsingh/.m2/repository/xerces/xercesImpl/2.11.0/xercesImpl-2.11.0.jar, /Users/pramodsingh/.m2/repository/xml-apis/xml-apis/1.4.01/xml-apis-1.4.01.jar, /Users/pramodsingh/.m2/repository/org/apache/commons/commons-exec/1.3/commons-exec-1.3.jar, /Users/pramodsingh/.m2/repository/commons-lang/commons-lang/2.6/commons-lang-2.6.jar, /Users/pramodsingh/.m2/repository/mysql/mysql-connector-java/5.1.6/mysql-connector-java-5.1.6.jar, /Users/pramodsingh/.m2/repository/org/apache/poi/poi-ooxml/3.17/poi-ooxml-3.17.jar, /Users/pramodsingh/.m2/repository/org/apache/poi/poi-ooxml-schemas/3.17/poi-ooxml-schemas-3.17.jar, /Users/pramodsingh/.m2/repository/org/apache/xmlbeans/xmlbeans/2.6.0/xmlbeans-2.6.0.jar, /Users/pramodsingh/.m2/repository/stax/stax-api/1.0.1/stax-api-1.0.1.jar, /Users/pramodsingh/.m2/repository/com/github/virtuald/curvesapi/1.04/curvesapi-1.04.jar, /Users/pramodsingh/.m2/repository/org/apache/poi/poi/3.17/poi-3.17.jar, /Users/pramodsingh/.m2/repository/org/apache/commons/commons-collections4/4.1/commons-collections4-4.1.jar, /Users/pramodsingh/.m2/repository/io/appium/java-client/4.1.2/java-client-4.1.2.jar, /Users/pramodsingh/.m2/repository/commons-validator/commons-validator/1.5.1/commons-validator-1.5.1.jar, /Users/pramodsingh/.m2/repository/commons-digester/commons-digester/1.8.1/commons-digester-1.8.1.jar, /Users/pramodsingh/.m2/repository/cglib/cglib-nodep/3.2.4/cglib-nodep-3.2.4.jar, /Users/pramodsingh/.m2/repository/org/springframework/spring-context/4.3.2.RELEASE/spring-context-4.3.2.RELEASE.jar, /Users/pramodsingh/.m2/repository/org/springframework/spring-aop/4.3.2.RELEASE/spring-aop-4.3.2.RELEASE.jar, /Users/pramodsingh/.m2/repository/org/springframework/spring-beans/4.3.2.RELEASE/spring-beans-4.3.2.RELEASE.jar, /Users/pramodsingh/.m2/repository/org/springframework/spring-core/4.3.2.RELEASE/spring-core-4.3.2.RELEASE.jar, /Users/pramodsingh/.m2/repository/org/springframework/spring-expression/4.3.2.RELEASE/spring-expression-4.3.2.RELEASE.jar, /Users/pramodsingh/.m2/repository/org/aspectj/aspectjweaver/1.8.9/aspectjweaver-1.8.9.jar, /Users/pramodsingh/.m2/repository/org/postgresql/postgresql/9.4-1206-jdbc42/postgresql-9.4-1206-jdbc42.jar, /Users/pramodsingh/.m2/repository/com/googlecode/json-simple/json-simple/1.1/json-simple-1.1.jar, /Users/pramodsingh/.m2/repository/org/apache/pdfbox/pdfbox/1.8.1/pdfbox-1.8.1.jar, /Users/pramodsingh/.m2/repository/org/apache/pdfbox/fontbox/1.8.1/fontbox-1.8.1.jar, /Users/pramodsingh/.m2/repository/org/apache/pdfbox/jempbox/1.8.1/jempbox-1.8.1.jar, /Users/pramodsingh/.m2/repository/org/mongodb/mongodb-driver/3.2.2/mongodb-driver-3.2.2.jar, /Users/pramodsingh/.m2/repository/org/mongodb/mongodb-driver-core/3.2.2/mongodb-driver-core-3.2.2.jar, /Users/pramodsingh/.m2/repository/org/mongodb/bson/3.2.2/bson-3.2.2.jar, /Users/pramodsingh/.m2/repository/org/json/json/20180813/json-20180813.jar, /Users/pramodsingh/.m2/repository/com/jcraft/jsch/0.1.53/jsch-0.1.53.jar, /Users/pramodsingh/.m2/repository/io/github/sukgu/automation/0.0.12/automation-0.0.12.jar, /Users/pramodsingh/.m2/repository/org/assertj/assertj-core/3.11.1/assertj-core-3.11.1.jar, /Users/pramodsingh/.m2/repository/org/slf4j/slf4j-api/1.7.5/slf4j-api-1.7.5.jar, /Users/pramodsingh/.m2/repository/org/jboss/aerogear/aerogear-otp-java/1.0.0/aerogear-otp-java-1.0.0.jar, /Users/pramodsingh/.m2/repository/io/cucumber/cucumber-picocontainer/4.2.3/cucumber-picocontainer-4.2.3.jar, /Users/pramodsingh/.m2/repository/org/picocontainer/picocontainer/2.15/picocontainer-2.15.jar, /Users/pramodsingh/.m2/repository/com/opencsv/opencsv/5.6/opencsv-5.6.jar, /Users/pramodsingh/.m2/repository/commons-beanutils/commons-beanutils/1.9.4/commons-beanutils-1.9.4.jar, /Users/pramodsingh/.m2/repository/com/aventstack/extentreports/3.1.5/extentreports-3.1.5.jar, /Users/pramodsingh/.m2/repository/org/freemarker/freemarker/2.3.23/freemarker-2.3.23.jar, /Users/pramodsingh/.m2/repository/ru/yandex/qatools/allure/allure-java-annotations/1.5.4/allure-java-annotations-1.5.4.jar, /Users/pramodsingh/.m2/repository/ru/yandex/qatools/allure/allure-model/1.5.4/allure-model-1.5.4.jar, /Users/pramodsingh/.m2/repository/org/jvnet/jaxb2_commons/jaxb2-basics-runtime/0.9.3/jaxb2-basics-runtime-0.9.3.jar, /Users/pramodsingh/.m2/repository/ru/qatools/commons/properties/2.0.RC5/properties-2.0.RC5.jar]
[DEBUG]   (f) compileSourceRoots = [/Users/pramodsingh/Desktop/automation/automationutils/src/main/java]
[DEBUG]   (f) compilerId = javac
[DEBUG]   (f) debug = true
[DEBUG]   (f) encoding = UTF-8
[DEBUG]   (f) failOnError = true
[DEBUG]   (f) failOnWarning = false
[DEBUG]   (f) forceJavacCompilerUse = false
[DEBUG]   (f) fork = false
[DEBUG]   (f) generatedSourcesDirectory = /Users/pramodsingh/Desktop/automation/automationutils/target/generated-sources/annotations
[DEBUG]   (f) mojoExecution = org.apache.maven.plugins:maven-compiler-plugin:3.8.0:compile {execution: default-compile}
[DEBUG]   (f) optimize = false
[DEBUG]   (f) outputDirectory = /Users/pramodsingh/Desktop/automation/automationutils/target/classes
[DEBUG]   (f) parameters = false
[DEBUG]   (f) project = MavenProject: com.pksautomation.automationutils:AutomationUtils:0.0.1-SNAPSHOT @ /Users/pramodsingh/Desktop/automation/automationutils/pom.xml
[DEBUG]   (f) projectArtifact = com.pksautomation.automationutils:AutomationUtils:jar:0.0.1-SNAPSHOT
[DEBUG]   (f) session = org.apache.maven.execution.MavenSession@2d9f64c9
[DEBUG]   (f) showDeprecation = false
[DEBUG]   (f) showWarnings = false
[DEBUG]   (f) skipMultiThreadWarning = false
[DEBUG]   (f) source = 1.8
[DEBUG]   (f) staleMillis = 0
[DEBUG]   (s) target = 1.8
[DEBUG]   (f) useIncrementalCompilation = true
[DEBUG]   (f) verbose = false
[DEBUG] -- end configuration --
[DEBUG] Using compiler 'javac'.
[DEBUG] Adding /Users/pramodsingh/Desktop/automation/automationutils/target/generated-sources/annotations to compile source roots:
  /Users/pramodsingh/Desktop/automation/automationutils/src/main/java
[DEBUG] New compile source roots:
  /Users/pramodsingh/Desktop/automation/automationutils/src/main/java
  /Users/pramodsingh/Desktop/automation/automationutils/target/generated-sources/annotations
[DEBUG] CompilerReuseStrategy: reuseCreated
[DEBUG] useIncrementalCompilation enabled
[DEBUG] Stale source detected: /Users/pramodsingh/Desktop/automation/automationutils/src/main/java/com/pksautomation/utils/report/ResultStore.java
[DEBUG] Stale source detected: /Users/pramodsingh/Desktop/automation/automationutils/src/main/java/com/pksautomation/utils/v2/cucumber/CommonTestBase.java
[DEBUG] Stale source detected: /Users/pramodsingh/Desktop/automation/automationutils/src/main/java/com/pksautomation/utils/ShadowDOM.java
[DEBUG] Stale source detected: /Users/pramodsingh/Desktop/automation/automationutils/src/main/java/com/pksautomation/utils/v2/reflections/TestScenarioExecuter.java
[DEBUG] Stale source detected: /Users/pramodsingh/Desktop/automation/automationutils/src/main/java/pojo/How.java
[DEBUG] Stale source detected: /Users/pramodsingh/Desktop/automation/automationutils/src/main/java/com/pksautomation/utils/v2/fileutils/TextFileUtils.java
[DEBUG] Stale source detected: /Users/pramodsingh/Desktop/automation/automationutils/src/main/java/com/pksautomation/utils/dbconnection/RedshiftDBConnection.java
[DEBUG] Stale source detected: /Users/pramodsingh/Desktop/automation/automationutils/src/main/java/com/pksautomation/utils/v2/EncryptionUtils.java
[DEBUG] Stale source detected: /Users/pramodsingh/Desktop/automation/automationutils/src/main/java/com/pksautomation/utils/v2/BrowserUtils.java
[DEBUG] Stale source detected: /Users/pramodsingh/Desktop/automation/automationutils/src/main/java/com/pksautomation/utils/v2/dataHelper/TestDataHelper.java
[DEBUG] Stale source detected: /Users/pramodsingh/Desktop/automation/automationutils/src/main/java/com/pksautomation/utils/dbconnection/GreenplumConnection.java
[DEBUG] Stale source detected: /Users/pramodsingh/Desktop/automation/automationutils/src/main/java/com/pksautomation/utils/v2/cucumber/TestNGCucumberTests.java
[DEBUG] Stale source detected: /Users/pramodsingh/Desktop/automation/automationutils/src/main/java/com/pksautomation/utils/v2/dbconnection/SQLDBManager.java
[DEBUG] Stale source detected: /Users/pramodsingh/Desktop/automation/automationutils/src/main/java/com/pksautomation/utils/v2/WaitHelper.java
[DEBUG] Stale source detected: /Users/pramodsingh/Desktop/automation/automationutils/src/main/java/com/pksautomation/utils/Browser.java
[DEBUG] Stale source detected: /Users/pramodsingh/Desktop/automation/automationutils/src/main/java/com/pksautomation/utils/v2/dbconnection/DBManager.java
[DEBUG] Stale source detected: /Users/pramodsingh/Desktop/automation/automationutils/src/main/java/com/pksautomation/utils/FileHandler.java
[DEBUG] Stale source detected: /Users/pramodsingh/Desktop/automation/automationutils/src/main/java/com/pksautomation/utils/v2/ElementActionsUtils.java
[DEBUG] Stale source detected: /Users/pramodsingh/Desktop/automation/automationutils/src/main/java/com/pksautomation/utils/report/DumpResultStore.java
[DEBUG] Stale source detected: /Users/pramodsingh/Desktop/automation/automationutils/src/main/java/com/pksautomation/utils/v2/PopupUtils.java
[DEBUG] Stale source detected: /Users/pramodsingh/Desktop/automation/automationutils/src/main/java/com/pksautomation/utils/v2/dataHelper/ExcelDataReader.java
[DEBUG] Stale source detected: /Users/pramodsingh/Desktop/automation/automationutils/src/main/java/enums/APIMethodType.java
[DEBUG] Stale source detected: /Users/pramodsingh/Desktop/automation/automationutils/src/main/java/com/pksautomation/utils/Config.java
[DEBUG] Stale source detected: /Users/pramodsingh/Desktop/automation/automationutils/src/main/java/com/pksautomation/utils/ISO8601DateFormat.java
[DEBUG] Stale source detected: /Users/pramodsingh/Desktop/automation/automationutils/src/main/java/com/pksautomation/utils/v2/AssertionUtils.java
[DEBUG] Stale source detected: /Users/pramodsingh/Desktop/automation/automationutils/src/main/java/com/pksautomation/utils/v2/fileutils/ExcelUtils.java
[DEBUG] Stale source detected: /Users/pramodsingh/Desktop/automation/automationutils/src/main/java/com/pksautomation/utils/dbconnection/MongoConnection.java
[DEBUG] Stale source detected: /Users/pramodsingh/Desktop/automation/automationutils/src/main/java/com/pksautomation/utils/TestDataReader.java
[DEBUG] Stale source detected: /Users/pramodsingh/Desktop/automation/automationutils/src/main/java/com/pksautomation/utils/dbconnection/ColumnMappingOfTables.java
[DEBUG] Stale source detected: /Users/pramodsingh/Desktop/automation/automationutils/src/main/java/com/pksautomation/utils/Log.java
[DEBUG] Stale source detected: /Users/pramodsingh/Desktop/automation/automationutils/src/main/java/com/pksautomation/utils/v2/fileutils/JSONUtils.java
[DEBUG] Stale source detected: /Users/pramodsingh/Desktop/automation/automationutils/src/main/java/com/pksautomation/utils/v2/ConfigSingleton.java
[DEBUG] Stale source detected: /Users/pramodsingh/Desktop/automation/automationutils/src/main/java/filehandling/JSONUtils.java
[DEBUG] Stale source detected: /Users/pramodsingh/Desktop/automation/automationutils/src/main/java/com/pksautomation/utils/Element.java
[DEBUG] Stale source detected: /Users/pramodsingh/Desktop/automation/automationutils/src/main/java/com/pksautomation/utils/v2/testNG/TestBase.java
[DEBUG] Stale source detected: /Users/pramodsingh/Desktop/automation/automationutils/src/main/java/com/pksautomation/utils/dbconnection/DataBase.java
[DEBUG] Stale source detected: /Users/pramodsingh/Desktop/automation/automationutils/src/main/java/com/pksautomation/utils/AesEncrypter.java
[DEBUG] Stale source detected: /Users/pramodsingh/Desktop/automation/automationutils/src/main/java/com/pksautomation/utils/v2/dbconnection/MongoDBManager.java
[DEBUG] Stale source detected: /Users/pramodsingh/Desktop/automation/automationutils/src/main/java/com/pksautomation/utils/v2/Helper.java
[DEBUG] Stale source detected: /Users/pramodsingh/Desktop/automation/automationutils/src/main/java/com/pksautomation/utils/v2/LoggerUtils.java
[DEBUG] Stale source detected: /Users/pramodsingh/Desktop/automation/automationutils/src/main/java/com/pksautomation/utils/v2/fileutils/YamlUtils.java
[DEBUG] Stale source detected: /Users/pramodsingh/Desktop/automation/automationutils/src/main/java/com/pksautomation/utils/v2/customexception/CustomRuntimeException.java
[DEBUG] Stale source detected: /Users/pramodsingh/Desktop/automation/automationutils/src/main/java/com/pksautomation/utils/v2/fileutils/XMLUtils.java
[DEBUG] Stale source detected: /Users/pramodsingh/Desktop/automation/automationutils/src/main/java/com/pksautomation/utils/APIHelper.java
[DEBUG] Stale source detected: /Users/pramodsingh/Desktop/automation/automationutils/src/main/java/com/pksautomation/utils/v2/BasePage.java
[DEBUG] Stale source detected: /Users/pramodsingh/Desktop/automation/automationutils/src/main/java/com/pksautomation/utils/Helper.java
[DEBUG] Stale source detected: /Users/pramodsingh/Desktop/automation/automationutils/src/main/java/com/pksautomation/utils/v2/testNG/TestListener.java
[DEBUG] Stale source detected: /Users/pramodsingh/Desktop/automation/automationutils/src/main/java/com/pksautomation/utils/dbconnection/DataBaseEnumConstants.java
[DEBUG] Stale source detected: /Users/pramodsingh/Desktop/automation/automationutils/src/main/java/com/pksautomation/utils/v2/APIHelper.java
[DEBUG] Stale source detected: /Users/pramodsingh/Desktop/automation/automationutils/src/main/java/com/pksautomation/utils/Popup.java
[DEBUG] Stale source detected: /Users/pramodsingh/Desktop/automation/automationutils/src/main/java/com/pksautomation/utils/v2/dataHelper/PageLocatorHelper.java
[DEBUG] Stale source detected: /Users/pramodsingh/Desktop/automation/automationutils/src/main/java/com/pksautomation/utils/v2/fileutils/CSVUtils.java
[DEBUG] Stale source detected: /Users/pramodsingh/Desktop/automation/automationutils/src/main/java/com/pksautomation/utils/v2/cucumber/TestContext.java
[DEBUG] Stale source detected: /Users/pramodsingh/Desktop/automation/automationutils/src/main/java/com/pksautomation/utils/YamlReaderWriter.java
[DEBUG] Stale source detected: /Users/pramodsingh/Desktop/automation/automationutils/src/main/java/com/pksautomation/utils/v2/UtilityObjectManager.java
[DEBUG] Stale source detected: /Users/pramodsingh/Desktop/automation/automationutils/src/main/java/com/pksautomation/utils/JSONtoFmModel.java
[DEBUG] Stale source detected: /Users/pramodsingh/Desktop/automation/automationutils/src/main/java/com/pksautomation/utils/dbconnection/ElasticConnection.java
[DEBUG] Stale source detected: /Users/pramodsingh/Desktop/automation/automationutils/src/main/java/com/pksautomation/utils/v2/Config.java
[INFO] Changes detected - recompiling the module!
[DEBUG] Classpath:
[DEBUG]  /Users/pramodsingh/Desktop/automation/automationutils/target/classes
[DEBUG]  /Users/pramodsingh/.m2/repository/com/fasterxml/jackson/core/jackson-annotations/2.8.8/jackson-annotations-2.8.8.jar
[DEBUG]  /Users/pramodsingh/.m2/repository/com/jayway/restassured/rest-assured/2.9.0/rest-assured-2.9.0.jar
[DEBUG]  /Users/pramodsingh/.m2/repository/org/codehaus/groovy/groovy/2.4.4/groovy-2.4.4.jar
[DEBUG]  /Users/pramodsingh/.m2/repository/org/codehaus/groovy/groovy-xml/2.4.4/groovy-xml-2.4.4.jar
[DEBUG]  /Users/pramodsingh/.m2/repository/org/apache/httpcomponents/httpclient/4.5.1/httpclient-4.5.1.jar
[DEBUG]  /Users/pramodsingh/.m2/repository/org/apache/httpcomponents/httpmime/4.5.1/httpmime-4.5.1.jar
[DEBUG]  /Users/pramodsingh/.m2/repository/org/hamcrest/hamcrest-core/1.3/hamcrest-core-1.3.jar
[DEBUG]  /Users/pramodsingh/.m2/repository/org/hamcrest/hamcrest-library/1.3/hamcrest-library-1.3.jar
[DEBUG]  /Users/pramodsingh/.m2/repository/org/ccil/cowan/tagsoup/tagsoup/1.2.1/tagsoup-1.2.1.jar
[DEBUG]  /Users/pramodsingh/.m2/repository/com/jayway/restassured/json-path/2.9.0/json-path-2.9.0.jar
[DEBUG]  /Users/pramodsingh/.m2/repository/org/codehaus/groovy/groovy-json/2.4.4/groovy-json-2.4.4.jar
[DEBUG]  /Users/pramodsingh/.m2/repository/com/jayway/restassured/rest-assured-common/2.9.0/rest-assured-common-2.9.0.jar
[DEBUG]  /Users/pramodsingh/.m2/repository/com/jayway/restassured/xml-path/2.9.0/xml-path-2.9.0.jar
[DEBUG]  /Users/pramodsingh/.m2/repository/org/apache/commons/commons-lang3/3.3.2/commons-lang3-3.3.2.jar
[DEBUG]  /Users/pramodsingh/.m2/repository/com/networknt/json-schema-validator/1.0.42/json-schema-validator-1.0.42.jar
[DEBUG]  /Users/pramodsingh/.m2/repository/org/jruby/joni/joni/2.1.31/joni-2.1.31.jar
[DEBUG]  /Users/pramodsingh/.m2/repository/org/jruby/jcodings/jcodings/1.0.46/jcodings-1.0.46.jar
[DEBUG]  /Users/pramodsingh/.m2/repository/com/google/guava/guava/25.0-jre/guava-25.0-jre.jar
[DEBUG]  /Users/pramodsingh/.m2/repository/com/google/code/findbugs/jsr305/1.3.9/jsr305-1.3.9.jar
[DEBUG]  /Users/pramodsingh/.m2/repository/org/checkerframework/checker-compat-qual/2.0.0/checker-compat-qual-2.0.0.jar
[DEBUG]  /Users/pramodsingh/.m2/repository/com/google/errorprone/error_prone_annotations/2.1.3/error_prone_annotations-2.1.3.jar
[DEBUG]  /Users/pramodsingh/.m2/repository/com/google/j2objc/j2objc-annotations/1.1/j2objc-annotations-1.1.jar
[DEBUG]  /Users/pramodsingh/.m2/repository/org/codehaus/mojo/animal-sniffer-annotations/1.14/animal-sniffer-annotations-1.14.jar
[DEBUG]  /Users/pramodsingh/.m2/repository/org/testng/testng/6.14.3/testng-6.14.3.jar
[DEBUG]  /Users/pramodsingh/.m2/repository/com/beust/jcommander/1.72/jcommander-1.72.jar
[DEBUG]  /Users/pramodsingh/.m2/repository/org/apache-extras/beanshell/bsh/2.0b6/bsh-2.0b6.jar
[DEBUG]  /Users/pramodsingh/.m2/repository/org/uncommons/reportng/1.1.4/reportng-1.1.4.jar
[DEBUG]  /Users/pramodsingh/.m2/repository/velocity/velocity/1.4/velocity-1.4.jar
[DEBUG]  /Users/pramodsingh/.m2/repository/com/amazon/redshift/redshift-jdbc42/2.0.0.5/redshift-jdbc42-2.0.0.5.jar
[DEBUG]  /Users/pramodsingh/.m2/repository/org/yaml/snakeyaml/1.24/snakeyaml-1.24.jar
[DEBUG]  /Users/pramodsingh/.m2/repository/commons-io/commons-io/2.6/commons-io-2.6.jar
[DEBUG]  /Users/pramodsingh/.m2/repository/io/github/bonigarcia/webdrivermanager/5.0.3/webdrivermanager-5.0.3.jar
[DEBUG]  /Users/pramodsingh/.m2/repository/com/google/code/gson/gson/2.8.8/gson-2.8.8.jar
[DEBUG]  /Users/pramodsingh/.m2/repository/org/jsoup/jsoup/1.14.2/jsoup-1.14.2.jar
[DEBUG]  /Users/pramodsingh/.m2/repository/com/github/docker-java/docker-java/3.2.12/docker-java-3.2.12.jar
[DEBUG]  /Users/pramodsingh/.m2/repository/com/github/docker-java/docker-java-core/3.2.12/docker-java-core-3.2.12.jar
[DEBUG]  /Users/pramodsingh/.m2/repository/com/github/docker-java/docker-java-api/3.2.12/docker-java-api-3.2.12.jar
[DEBUG]  /Users/pramodsingh/.m2/repository/org/apache/commons/commons-compress/1.21/commons-compress-1.21.jar
[DEBUG]  /Users/pramodsingh/.m2/repository/org/bouncycastle/bcpkix-jdk15on/1.64/bcpkix-jdk15on-1.64.jar
[DEBUG]  /Users/pramodsingh/.m2/repository/org/bouncycastle/bcprov-jdk15on/1.64/bcprov-jdk15on-1.64.jar
[DEBUG]  /Users/pramodsingh/.m2/repository/org/slf4j/jcl-over-slf4j/1.7.30/jcl-over-slf4j-1.7.30.jar
[DEBUG]  /Users/pramodsingh/.m2/repository/com/github/docker-java/docker-java-transport-httpclient5/3.2.12/docker-java-transport-httpclient5-3.2.12.jar
[DEBUG]  /Users/pramodsingh/.m2/repository/com/github/docker-java/docker-java-transport/3.2.12/docker-java-transport-3.2.12.jar
[DEBUG]  /Users/pramodsingh/.m2/repository/org/apache/httpcomponents/client5/httpclient5/5.0.3/httpclient5-5.0.3.jar
[DEBUG]  /Users/pramodsingh/.m2/repository/org/apache/httpcomponents/core5/httpcore5/5.0.2/httpcore5-5.0.2.jar
[DEBUG]  /Users/pramodsingh/.m2/repository/net/java/dev/jna/jna/5.8.0/jna-5.8.0.jar
[DEBUG]  /Users/pramodsingh/.m2/repository/org/brotli/dec/0.1.2/dec-0.1.2.jar
[DEBUG]  /Users/pramodsingh/.m2/repository/com/squareup/okhttp3/logging-interceptor/4.9.0/logging-interceptor-4.9.0.jar
[DEBUG]  /Users/pramodsingh/.m2/repository/org/jetbrains/kotlin/kotlin-stdlib-jdk8/1.4.10/kotlin-stdlib-jdk8-1.4.10.jar
[DEBUG]  /Users/pramodsingh/.m2/repository/org/jetbrains/kotlin/kotlin-stdlib-jdk7/1.4.10/kotlin-stdlib-jdk7-1.4.10.jar
[DEBUG]  /Users/pramodsingh/.m2/repository/com/squareup/okhttp3/okhttp/4.9.1/okhttp-4.9.1.jar
[DEBUG]  /Users/pramodsingh/.m2/repository/com/squareup/okio/okio/2.8.0/okio-2.8.0.jar
[DEBUG]  /Users/pramodsingh/.m2/repository/org/jetbrains/kotlin/kotlin-stdlib/1.3.70/kotlin-stdlib-1.3.70.jar
[DEBUG]  /Users/pramodsingh/.m2/repository/org/jetbrains/kotlin/kotlin-stdlib-common/1.3.70/kotlin-stdlib-common-1.3.70.jar
[DEBUG]  /Users/pramodsingh/.m2/repository/org/jetbrains/annotations/13.0/annotations-13.0.jar
[DEBUG]  /Users/pramodsingh/.m2/repository/com/epam/healenium/healenium-web/3.1.6/healenium-web-3.1.6.jar
[DEBUG]  /Users/pramodsingh/.m2/repository/org/apache/maven/plugins/maven-surefire-plugin/3.0.0-M5/maven-surefire-plugin-3.0.0-M5.jar
[DEBUG]  /Users/pramodsingh/.m2/repository/org/apache/maven/surefire/maven-surefire-common/3.0.0-M5/maven-surefire-common-3.0.0-M5.jar
[DEBUG]  /Users/pramodsingh/.m2/repository/org/apache/maven/surefire/surefire-api/3.0.0-M5/surefire-api-3.0.0-M5.jar
[DEBUG]  /Users/pramodsingh/.m2/repository/org/apache/maven/surefire/surefire-logger-api/3.0.0-M5/surefire-logger-api-3.0.0-M5.jar
[DEBUG]  /Users/pramodsingh/.m2/repository/org/apache/maven/surefire/surefire-extensions-api/3.0.0-M5/surefire-extensions-api-3.0.0-M5.jar
[DEBUG]  /Users/pramodsingh/.m2/repository/org/apache/maven/surefire/surefire-booter/3.0.0-M5/surefire-booter-3.0.0-M5.jar
[DEBUG]  /Users/pramodsingh/.m2/repository/org/apache/maven/surefire/surefire-extensions-spi/3.0.0-M5/surefire-extensions-spi-3.0.0-M5.jar
[DEBUG]  /Users/pramodsingh/.m2/repository/org/apache/maven/maven-toolchain/3.0-alpha-2/maven-toolchain-3.0-alpha-2.jar
[DEBUG]  /Users/pramodsingh/.m2/repository/org/apache/maven/shared/maven-artifact-transfer/0.11.0/maven-artifact-transfer-0.11.0.jar
[DEBUG]  /Users/pramodsingh/.m2/repository/org/apache/maven/shared/maven-common-artifact-filters/3.0.1/maven-common-artifact-filters-3.0.1.jar
[DEBUG]  /Users/pramodsingh/.m2/repository/org/sonatype/sisu/sisu-inject-plexus/1.4.2/sisu-inject-plexus-1.4.2.jar
[DEBUG]  /Users/pramodsingh/.m2/repository/org/sonatype/sisu/sisu-inject-bean/1.4.2/sisu-inject-bean-1.4.2.jar
[DEBUG]  /Users/pramodsingh/.m2/repository/org/sonatype/sisu/sisu-guice/2.1.7/sisu-guice-2.1.7-noaop.jar
[DEBUG]  /Users/pramodsingh/.m2/repository/org/codehaus/plexus/plexus-java/1.0.5/plexus-java-1.0.5.jar
[DEBUG]  /Users/pramodsingh/.m2/repository/org/ow2/asm/asm/7.2/asm-7.2.jar
[DEBUG]  /Users/pramodsingh/.m2/repository/com/thoughtworks/qdox/qdox/2.0-M9/qdox-2.0-M9.jar
[DEBUG]  /Users/pramodsingh/.m2/repository/org/apache/maven/surefire/surefire-shared-utils/3.0.0-M4/surefire-shared-utils-3.0.0-M4.jar
[DEBUG]  /Users/pramodsingh/.m2/repository/org/apache/maven/maven-artifact/2.0.11/maven-artifact-2.0.11.jar
[DEBUG]  /Users/pramodsingh/.m2/repository/org/apache/maven/maven-compat/3.8.1/maven-compat-3.8.1.jar
[DEBUG]  /Users/pramodsingh/.m2/repository/org/apache/maven/maven-model/3.8.1/maven-model-3.8.1.jar
[DEBUG]  /Users/pramodsingh/.m2/repository/org/apache/maven/maven-model-builder/3.8.1/maven-model-builder-3.8.1.jar
[DEBUG]  /Users/pramodsingh/.m2/repository/javax/inject/javax.inject/1/javax.inject-1.jar
[DEBUG]  /Users/pramodsingh/.m2/repository/org/apache/maven/maven-builder-support/3.8.1/maven-builder-support-3.8.1.jar
[DEBUG]  /Users/pramodsingh/.m2/repository/org/eclipse/sisu/org.eclipse.sisu.inject/0.3.4/org.eclipse.sisu.inject-0.3.4.jar
[DEBUG]  /Users/pramodsingh/.m2/repository/org/apache/maven/maven-settings/3.8.1/maven-settings-3.8.1.jar
[DEBUG]  /Users/pramodsingh/.m2/repository/org/apache/maven/maven-settings-builder/3.8.1/maven-settings-builder-3.8.1.jar
[DEBUG]  /Users/pramodsingh/.m2/repository/org/sonatype/plexus/plexus-sec-dispatcher/1.4/plexus-sec-dispatcher-1.4.jar
[DEBUG]  /Users/pramodsingh/.m2/repository/org/sonatype/plexus/plexus-cipher/1.4/plexus-cipher-1.4.jar
[DEBUG]  /Users/pramodsingh/.m2/repository/org/apache/maven/maven-core/3.8.1/maven-core-3.8.1.jar
[DEBUG]  /Users/pramodsingh/.m2/repository/org/apache/maven/resolver/maven-resolver-spi/1.6.2/maven-resolver-spi-1.6.2.jar
[DEBUG]  /Users/pramodsingh/.m2/repository/org/apache/maven/shared/maven-shared-utils/3.2.1/maven-shared-utils-3.2.1.jar
[DEBUG]  /Users/pramodsingh/.m2/repository/com/google/inject/guice/4.2.1/guice-4.2.1-no_aop.jar
[DEBUG]  /Users/pramodsingh/.m2/repository/aopalliance/aopalliance/1.0/aopalliance-1.0.jar
[DEBUG]  /Users/pramodsingh/.m2/repository/org/apache/maven/maven-resolver-provider/3.8.1/maven-resolver-provider-3.8.1.jar
[DEBUG]  /Users/pramodsingh/.m2/repository/org/apache/maven/maven-repository-metadata/3.8.1/maven-repository-metadata-3.8.1.jar
[DEBUG]  /Users/pramodsingh/.m2/repository/org/apache/maven/resolver/maven-resolver-api/1.6.2/maven-resolver-api-1.6.2.jar
[DEBUG]  /Users/pramodsingh/.m2/repository/org/apache/maven/resolver/maven-resolver-util/1.6.2/maven-resolver-util-1.6.2.jar
[DEBUG]  /Users/pramodsingh/.m2/repository/org/apache/maven/resolver/maven-resolver-impl/1.6.2/maven-resolver-impl-1.6.2.jar
[DEBUG]  /Users/pramodsingh/.m2/repository/org/codehaus/plexus/plexus-interpolation/1.25/plexus-interpolation-1.25.jar
[DEBUG]  /Users/pramodsingh/.m2/repository/org/eclipse/sisu/org.eclipse.sisu.plexus/0.3.4/org.eclipse.sisu.plexus-0.3.4.jar
[DEBUG]  /Users/pramodsingh/.m2/repository/javax/enterprise/cdi-api/1.0/cdi-api-1.0.jar
[DEBUG]  /Users/pramodsingh/.m2/repository/javax/annotation/jsr250-api/1.0/jsr250-api-1.0.jar
[DEBUG]  /Users/pramodsingh/.m2/repository/org/codehaus/plexus/plexus-component-annotations/2.1.0/plexus-component-annotations-2.1.0.jar
[DEBUG]  /Users/pramodsingh/.m2/repository/org/apache/maven/wagon/wagon-provider-api/3.4.3/wagon-provider-api-3.4.3.jar
[DEBUG]  /Users/pramodsingh/.m2/repository/org/apache/maven/maven-plugin-api/3.8.1/maven-plugin-api-3.8.1.jar
[DEBUG]  /Users/pramodsingh/.m2/repository/org/codehaus/plexus/plexus-classworlds/2.6.0/plexus-classworlds-2.6.0.jar
[DEBUG]  /Users/pramodsingh/.m2/repository/com/typesafe/config/1.3.4/config-1.3.4.jar
[DEBUG]  /Users/pramodsingh/.m2/repository/com/epam/healenium/tree-comparing/0.4.10/tree-comparing-0.4.10.jar
[DEBUG]  /Users/pramodsingh/.m2/repository/commons-codec/commons-codec/1.12/commons-codec-1.12.jar
[DEBUG]  /Users/pramodsingh/.m2/repository/org/slf4j/slf4j-simple/1.7.30/slf4j-simple-1.7.30.jar
[DEBUG]  /Users/pramodsingh/.m2/repository/org/mapstruct/mapstruct/1.4.2.Final/mapstruct-1.4.2.Final.jar
[DEBUG]  /Users/pramodsingh/.m2/repository/org/projectlombok/lombok/1.18.20/lombok-1.18.20.jar
[DEBUG]  /Users/pramodsingh/.m2/repository/one/util/streamex/0.7.2/streamex-0.7.2.jar
[DEBUG]  /Users/pramodsingh/.m2/repository/org/mapstruct/mapstruct-processor/1.4.2.Final/mapstruct-processor-1.4.2.Final.jar
[DEBUG]  /Users/pramodsingh/.m2/repository/io/cucumber/cucumber-java8/4.2.3/cucumber-java8-4.2.3.jar
[DEBUG]  /Users/pramodsingh/.m2/repository/net/jodah/typetools/0.5.0/typetools-0.5.0.jar
[DEBUG]  /Users/pramodsingh/.m2/repository/io/cucumber/cucumber-java/4.2.3/cucumber-java-4.2.3.jar
[DEBUG]  /Users/pramodsingh/.m2/repository/io/cucumber/cucumber-core/4.2.3/cucumber-core-4.2.3.jar
[DEBUG]  /Users/pramodsingh/.m2/repository/io/cucumber/cucumber-html/0.2.7/cucumber-html-0.2.7.jar
[DEBUG]  /Users/pramodsingh/.m2/repository/io/cucumber/gherkin/5.1.0/gherkin-5.1.0.jar
[DEBUG]  /Users/pramodsingh/.m2/repository/io/cucumber/tag-expressions/1.1.1/tag-expressions-1.1.1.jar
[DEBUG]  /Users/pramodsingh/.m2/repository/io/cucumber/cucumber-expressions/6.2.0/cucumber-expressions-6.2.0.jar
[DEBUG]  /Users/pramodsingh/.m2/repository/io/cucumber/datatable/1.1.12/datatable-1.1.12.jar
[DEBUG]  /Users/pramodsingh/.m2/repository/io/cucumber/datatable-dependencies/1.1.12/datatable-dependencies-1.1.12.jar
[DEBUG]  /Users/pramodsingh/.m2/repository/org/python/jython-standalone/2.7.2/jython-standalone-2.7.2.jar
[DEBUG]  /Users/pramodsingh/.m2/repository/net/masterthought/cucumber-reporting/4.2.3/cucumber-reporting-4.2.3.jar
[DEBUG]  /Users/pramodsingh/.m2/repository/org/apache/velocity/velocity/1.7/velocity-1.7.jar
[DEBUG]  /Users/pramodsingh/.m2/repository/velocity-tools/velocity-tools/1.4/velocity-tools-1.4.jar
[DEBUG]  /Users/pramodsingh/.m2/repository/joda-time/joda-time/2.10.1/joda-time-2.10.1.jar
[DEBUG]  /Users/pramodsingh/.m2/repository/org/codehaus/plexus/plexus-utils/3.1.0/plexus-utils-3.1.0.jar
[DEBUG]  /Users/pramodsingh/.m2/repository/com/googlecode/owasp-java-html-sanitizer/owasp-java-html-sanitizer/20181114.1/owasp-java-html-sanitizer-20181114.1.jar
[DEBUG]  /Users/pramodsingh/.m2/repository/commons-configuration/commons-configuration/1.10/commons-configuration-1.10.jar
[DEBUG]  /Users/pramodsingh/.m2/repository/io/cucumber/cucumber-testng/4.2.3/cucumber-testng-4.2.3.jar
[DEBUG]  /Users/pramodsingh/.m2/repository/com/fasterxml/jackson/core/jackson-core/2.6.3/jackson-core-2.6.3.jar
[DEBUG]  /Users/pramodsingh/.m2/repository/com/fasterxml/jackson/core/jackson-databind/2.6.3/jackson-databind-2.6.3.jar
[DEBUG]  /Users/pramodsingh/.m2/repository/com/fasterxml/jackson/datatype/jackson-datatype-joda/2.6.3/jackson-datatype-joda-2.6.3.jar
[DEBUG]  /Users/pramodsingh/.m2/repository/io/rest-assured/rest-assured/3.0.0/rest-assured-3.0.0.jar
[DEBUG]  /Users/pramodsingh/.m2/repository/io/rest-assured/json-path/3.0.0/json-path-3.0.0.jar
[DEBUG]  /Users/pramodsingh/.m2/repository/io/rest-assured/rest-assured-common/3.0.0/rest-assured-common-3.0.0.jar
[DEBUG]  /Users/pramodsingh/.m2/repository/io/rest-assured/xml-path/3.0.0/xml-path-3.0.0.jar
[DEBUG]  /Users/pramodsingh/.m2/repository/com/opera/operadriver/1.5/operadriver-1.5.jar
[DEBUG]  /Users/pramodsingh/.m2/repository/com/opera/operalaunchers/1.1/operalaunchers-1.1.jar
[DEBUG]  /Users/pramodsingh/.m2/repository/com/google/protobuf/protobuf-java/2.4.1/protobuf-java-2.4.1.jar
[DEBUG]  /Users/pramodsingh/.m2/repository/commons-jxpath/commons-jxpath/1.3/commons-jxpath-1.3.jar
[DEBUG]  /Users/pramodsingh/.m2/repository/org/ini4j/ini4j/0.5.2/ini4j-0.5.2.jar
[DEBUG]  /Users/pramodsingh/.m2/repository/org/codehaus/jackson/jackson-mapper-asl/1.5.0/jackson-mapper-asl-1.5.0.jar
[DEBUG]  /Users/pramodsingh/.m2/repository/org/codehaus/jackson/jackson-core-asl/1.5.0/jackson-core-asl-1.5.0.jar
[DEBUG]  /Users/pramodsingh/.m2/repository/org/seleniumhq/selenium/selenium-chrome-driver/3.141.59/selenium-chrome-driver-3.141.59.jar
[DEBUG]  /Users/pramodsingh/.m2/repository/org/seleniumhq/selenium/selenium-remote-driver/3.141.59/selenium-remote-driver-3.141.59.jar
[DEBUG]  /Users/pramodsingh/.m2/repository/net/bytebuddy/byte-buddy/1.8.15/byte-buddy-1.8.15.jar
[DEBUG]  /Users/pramodsingh/.m2/repository/org/seleniumhq/selenium/selenium-support/3.141.59/selenium-support-3.141.59.jar
[DEBUG]  /Users/pramodsingh/.m2/repository/org/seleniumhq/selenium/selenium-api/3.141.59/selenium-api-3.141.59.jar
[DEBUG]  /Users/pramodsingh/.m2/repository/org/seleniumhq/selenium/htmlunit-driver/2.20/htmlunit-driver-2.20.jar
[DEBUG]  /Users/pramodsingh/.m2/repository/net/sourceforge/htmlunit/htmlunit/2.20/htmlunit-2.20.jar
[DEBUG]  /Users/pramodsingh/.m2/repository/net/sourceforge/nekohtml/nekohtml/1.9.22/nekohtml-1.9.22.jar
[DEBUG]  /Users/pramodsingh/.m2/repository/net/sourceforge/cssparser/cssparser/0.9.18/cssparser-0.9.18.jar
[DEBUG]  /Users/pramodsingh/.m2/repository/org/w3c/css/sac/1.3/sac-1.3.jar
[DEBUG]  /Users/pramodsingh/.m2/repository/commons-collections/commons-collections/3.2.2/commons-collections-3.2.2.jar
[DEBUG]  /Users/pramodsingh/.m2/repository/org/seleniumhq/selenium/selenium-java/3.14.0/selenium-java-3.14.0.jar
[DEBUG]  /Users/pramodsingh/.m2/repository/org/seleniumhq/selenium/selenium-edge-driver/3.14.0/selenium-edge-driver-3.14.0.jar
[DEBUG]  /Users/pramodsingh/.m2/repository/org/seleniumhq/selenium/selenium-firefox-driver/3.14.0/selenium-firefox-driver-3.14.0.jar
[DEBUG]  /Users/pramodsingh/.m2/repository/org/seleniumhq/selenium/selenium-ie-driver/3.14.0/selenium-ie-driver-3.14.0.jar
[DEBUG]  /Users/pramodsingh/.m2/repository/org/seleniumhq/selenium/selenium-opera-driver/3.14.0/selenium-opera-driver-3.14.0.jar
[DEBUG]  /Users/pramodsingh/.m2/repository/org/seleniumhq/selenium/selenium-safari-driver/3.14.0/selenium-safari-driver-3.14.0.jar
[DEBUG]  /Users/pramodsingh/.m2/repository/commons-logging/commons-logging/1.2/commons-logging-1.2.jar
[DEBUG]  /Users/pramodsingh/.m2/repository/org/apache/httpcomponents/httpcore/4.4.9/httpcore-4.4.9.jar
[DEBUG]  /Users/pramodsingh/.m2/repository/org/seleniumhq/selenium/selenium-server/3.14.0/selenium-server-3.14.0.jar
[DEBUG]  /Users/pramodsingh/.m2/repository/org/apache/commons/commons-text/1.1/commons-text-1.1.jar
[DEBUG]  /Users/pramodsingh/.m2/repository/commons-net/commons-net/3.6/commons-net-3.6.jar
[DEBUG]  /Users/pramodsingh/.m2/repository/net/sourceforge/htmlunit/htmlunit-core-js/2.28/htmlunit-core-js-2.28.jar
[DEBUG]  /Users/pramodsingh/.m2/repository/net/sourceforge/htmlunit/htmlunit-cssparser/1.0.0/htmlunit-cssparser-1.0.0.jar
[DEBUG]  /Users/pramodsingh/.m2/repository/net/sourceforge/htmlunit/neko-htmlunit/2.30/neko-htmlunit-2.30.jar
[DEBUG]  /Users/pramodsingh/.m2/repository/net/jcip/jcip-annotations/1.0/jcip-annotations-1.0.jar
[DEBUG]  /Users/pramodsingh/.m2/repository/org/seleniumhq/selenium/jetty-repacked/9.4.8.v20180619/jetty-repacked-9.4.8.v20180619.jar
[DEBUG]  /Users/pramodsingh/.m2/repository/org/eclipse/jetty/jetty-client/9.4.8.v20180619/jetty-client-9.4.8.v20180619.jar
[DEBUG]  /Users/pramodsingh/.m2/repository/org/eclipse/jetty/jetty-http/9.4.8.v20180619/jetty-http-9.4.8.v20180619.jar
[DEBUG]  /Users/pramodsingh/.m2/repository/org/eclipse/jetty/jetty-io/9.4.8.v20180619/jetty-io-9.4.8.v20180619.jar
[DEBUG]  /Users/pramodsingh/.m2/repository/org/eclipse/jetty/jetty-util/9.4.8.v20180619/jetty-util-9.4.8.v20180619.jar
[DEBUG]  /Users/pramodsingh/.m2/repository/org/eclipse/jetty/jetty-xml/9.4.8.v20180619/jetty-xml-9.4.8.v20180619.jar
[DEBUG]  /Users/pramodsingh/.m2/repository/javax/servlet/javax.servlet-api/3.1.0/javax.servlet-api-3.1.0.jar
[DEBUG]  /Users/pramodsingh/.m2/repository/org/eclipse/jetty/websocket/websocket-api/9.4.8.v20180619/websocket-api-9.4.8.v20180619.jar
[DEBUG]  /Users/pramodsingh/.m2/repository/org/eclipse/jetty/websocket/websocket-client/9.4.8.v20180619/websocket-client-9.4.8.v20180619.jar
[DEBUG]  /Users/pramodsingh/.m2/repository/org/eclipse/jetty/websocket/websocket-common/9.4.8.v20180619/websocket-common-9.4.8.v20180619.jar
[DEBUG]  /Users/pramodsingh/.m2/repository/xalan/serializer/2.7.2/serializer-2.7.2.jar
[DEBUG]  /Users/pramodsingh/.m2/repository/xalan/xalan/2.7.2/xalan-2.7.2.jar
[DEBUG]  /Users/pramodsingh/.m2/repository/xerces/xercesImpl/2.11.0/xercesImpl-2.11.0.jar
[DEBUG]  /Users/pramodsingh/.m2/repository/xml-apis/xml-apis/1.4.01/xml-apis-1.4.01.jar
[DEBUG]  /Users/pramodsingh/.m2/repository/org/apache/commons/commons-exec/1.3/commons-exec-1.3.jar
[DEBUG]  /Users/pramodsingh/.m2/repository/commons-lang/commons-lang/2.6/commons-lang-2.6.jar
[DEBUG]  /Users/pramodsingh/.m2/repository/mysql/mysql-connector-java/5.1.6/mysql-connector-java-5.1.6.jar
[DEBUG]  /Users/pramodsingh/.m2/repository/org/apache/poi/poi-ooxml/3.17/poi-ooxml-3.17.jar
[DEBUG]  /Users/pramodsingh/.m2/repository/org/apache/poi/poi-ooxml-schemas/3.17/poi-ooxml-schemas-3.17.jar
[DEBUG]  /Users/pramodsingh/.m2/repository/org/apache/xmlbeans/xmlbeans/2.6.0/xmlbeans-2.6.0.jar
[DEBUG]  /Users/pramodsingh/.m2/repository/stax/stax-api/1.0.1/stax-api-1.0.1.jar
[DEBUG]  /Users/pramodsingh/.m2/repository/com/github/virtuald/curvesapi/1.04/curvesapi-1.04.jar
[DEBUG]  /Users/pramodsingh/.m2/repository/org/apache/poi/poi/3.17/poi-3.17.jar
[DEBUG]  /Users/pramodsingh/.m2/repository/org/apache/commons/commons-collections4/4.1/commons-collections4-4.1.jar
[DEBUG]  /Users/pramodsingh/.m2/repository/io/appium/java-client/4.1.2/java-client-4.1.2.jar
[DEBUG]  /Users/pramodsingh/.m2/repository/commons-validator/commons-validator/1.5.1/commons-validator-1.5.1.jar
[DEBUG]  /Users/pramodsingh/.m2/repository/commons-digester/commons-digester/1.8.1/commons-digester-1.8.1.jar
[DEBUG]  /Users/pramodsingh/.m2/repository/cglib/cglib-nodep/3.2.4/cglib-nodep-3.2.4.jar
[DEBUG]  /Users/pramodsingh/.m2/repository/org/springframework/spring-context/4.3.2.RELEASE/spring-context-4.3.2.RELEASE.jar
[DEBUG]  /Users/pramodsingh/.m2/repository/org/springframework/spring-aop/4.3.2.RELEASE/spring-aop-4.3.2.RELEASE.jar
[DEBUG]  /Users/pramodsingh/.m2/repository/org/springframework/spring-beans/4.3.2.RELEASE/spring-beans-4.3.2.RELEASE.jar
[DEBUG]  /Users/pramodsingh/.m2/repository/org/springframework/spring-core/4.3.2.RELEASE/spring-core-4.3.2.RELEASE.jar
[DEBUG]  /Users/pramodsingh/.m2/repository/org/springframework/spring-expression/4.3.2.RELEASE/spring-expression-4.3.2.RELEASE.jar
[DEBUG]  /Users/pramodsingh/.m2/repository/org/aspectj/aspectjweaver/1.8.9/aspectjweaver-1.8.9.jar
[DEBUG]  /Users/pramodsingh/.m2/repository/org/postgresql/postgresql/9.4-1206-jdbc42/postgresql-9.4-1206-jdbc42.jar
[DEBUG]  /Users/pramodsingh/.m2/repository/com/googlecode/json-simple/json-simple/1.1/json-simple-1.1.jar
[DEBUG]  /Users/pramodsingh/.m2/repository/org/apache/pdfbox/pdfbox/1.8.1/pdfbox-1.8.1.jar
[DEBUG]  /Users/pramodsingh/.m2/repository/org/apache/pdfbox/fontbox/1.8.1/fontbox-1.8.1.jar
[DEBUG]  /Users/pramodsingh/.m2/repository/org/apache/pdfbox/jempbox/1.8.1/jempbox-1.8.1.jar
[DEBUG]  /Users/pramodsingh/.m2/repository/org/mongodb/mongodb-driver/3.2.2/mongodb-driver-3.2.2.jar
[DEBUG]  /Users/pramodsingh/.m2/repository/org/mongodb/mongodb-driver-core/3.2.2/mongodb-driver-core-3.2.2.jar
[DEBUG]  /Users/pramodsingh/.m2/repository/org/mongodb/bson/3.2.2/bson-3.2.2.jar
[DEBUG]  /Users/pramodsingh/.m2/repository/org/json/json/20180813/json-20180813.jar
[DEBUG]  /Users/pramodsingh/.m2/repository/com/jcraft/jsch/0.1.53/jsch-0.1.53.jar
[DEBUG]  /Users/pramodsingh/.m2/repository/io/github/sukgu/automation/0.0.12/automation-0.0.12.jar
[DEBUG]  /Users/pramodsingh/.m2/repository/org/assertj/assertj-core/3.11.1/assertj-core-3.11.1.jar
[DEBUG]  /Users/pramodsingh/.m2/repository/org/slf4j/slf4j-api/1.7.5/slf4j-api-1.7.5.jar
[DEBUG]  /Users/pramodsingh/.m2/repository/org/jboss/aerogear/aerogear-otp-java/1.0.0/aerogear-otp-java-1.0.0.jar
[DEBUG]  /Users/pramodsingh/.m2/repository/io/cucumber/cucumber-picocontainer/4.2.3/cucumber-picocontainer-4.2.3.jar
[DEBUG]  /Users/pramodsingh/.m2/repository/org/picocontainer/picocontainer/2.15/picocontainer-2.15.jar
[DEBUG]  /Users/pramodsingh/.m2/repository/com/opencsv/opencsv/5.6/opencsv-5.6.jar
[DEBUG]  /Users/pramodsingh/.m2/repository/commons-beanutils/commons-beanutils/1.9.4/commons-beanutils-1.9.4.jar
[DEBUG]  /Users/pramodsingh/.m2/repository/com/aventstack/extentreports/3.1.5/extentreports-3.1.5.jar
[DEBUG]  /Users/pramodsingh/.m2/repository/org/freemarker/freemarker/2.3.23/freemarker-2.3.23.jar
[DEBUG]  /Users/pramodsingh/.m2/repository/ru/yandex/qatools/allure/allure-java-annotations/1.5.4/allure-java-annotations-1.5.4.jar
[DEBUG]  /Users/pramodsingh/.m2/repository/ru/yandex/qatools/allure/allure-model/1.5.4/allure-model-1.5.4.jar
[DEBUG]  /Users/pramodsingh/.m2/repository/org/jvnet/jaxb2_commons/jaxb2-basics-runtime/0.9.3/jaxb2-basics-runtime-0.9.3.jar
[DEBUG]  /Users/pramodsingh/.m2/repository/ru/qatools/commons/properties/2.0.RC5/properties-2.0.RC5.jar
[DEBUG] Source roots:
[DEBUG]  /Users/pramodsingh/Desktop/automation/automationutils/src/main/java
[DEBUG]  /Users/pramodsingh/Desktop/automation/automationutils/target/generated-sources/annotations
[DEBUG] Command line options:
[DEBUG] -d /Users/pramodsingh/Desktop/automation/automationutils/target/classes -classpath /Users/pramodsingh/Desktop/automation/automationutils/target/classes:/Users/pramodsingh/.m2/repository/com/fasterxml/jackson/core/jackson-annotations/2.8.8/jackson-annotations-2.8.8.jar:/Users/pramodsingh/.m2/repository/com/jayway/restassured/rest-assured/2.9.0/rest-assured-2.9.0.jar:/Users/pramodsingh/.m2/repository/org/codehaus/groovy/groovy/2.4.4/groovy-2.4.4.jar:/Users/pramodsingh/.m2/repository/org/codehaus/groovy/groovy-xml/2.4.4/groovy-xml-2.4.4.jar:/Users/pramodsingh/.m2/repository/org/apache/httpcomponents/httpclient/4.5.1/httpclient-4.5.1.jar:/Users/pramodsingh/.m2/repository/org/apache/httpcomponents/httpmime/4.5.1/httpmime-4.5.1.jar:/Users/pramodsingh/.m2/repository/org/hamcrest/hamcrest-core/1.3/hamcrest-core-1.3.jar:/Users/pramodsingh/.m2/repository/org/hamcrest/hamcrest-library/1.3/hamcrest-library-1.3.jar:/Users/pramodsingh/.m2/repository/org/ccil/cowan/tagsoup/tagsoup/1.2.1/tagsoup-1.2.1.jar:/Users/pramodsingh/.m2/repository/com/jayway/restassured/json-path/2.9.0/json-path-2.9.0.jar:/Users/pramodsingh/.m2/repository/org/codehaus/groovy/groovy-json/2.4.4/groovy-json-2.4.4.jar:/Users/pramodsingh/.m2/repository/com/jayway/restassured/rest-assured-common/2.9.0/rest-assured-common-2.9.0.jar:/Users/pramodsingh/.m2/repository/com/jayway/restassured/xml-path/2.9.0/xml-path-2.9.0.jar:/Users/pramodsingh/.m2/repository/org/apache/commons/commons-lang3/3.3.2/commons-lang3-3.3.2.jar:/Users/pramodsingh/.m2/repository/com/networknt/json-schema-validator/1.0.42/json-schema-validator-1.0.42.jar:/Users/pramodsingh/.m2/repository/org/jruby/joni/joni/2.1.31/joni-2.1.31.jar:/Users/pramodsingh/.m2/repository/org/jruby/jcodings/jcodings/1.0.46/jcodings-1.0.46.jar:/Users/pramodsingh/.m2/repository/com/google/guava/guava/25.0-jre/guava-25.0-jre.jar:/Users/pramodsingh/.m2/repository/com/google/code/findbugs/jsr305/1.3.9/jsr305-1.3.9.jar:/Users/pramodsingh/.m2/repository/org/checkerframework/checker-compat-qual/2.0.0/checker-compat-qual-2.0.0.jar:/Users/pramodsingh/.m2/repository/com/google/errorprone/error_prone_annotations/2.1.3/error_prone_annotations-2.1.3.jar:/Users/pramodsingh/.m2/repository/com/google/j2objc/j2objc-annotations/1.1/j2objc-annotations-1.1.jar:/Users/pramodsingh/.m2/repository/org/codehaus/mojo/animal-sniffer-annotations/1.14/animal-sniffer-annotations-1.14.jar:/Users/pramodsingh/.m2/repository/org/testng/testng/6.14.3/testng-6.14.3.jar:/Users/pramodsingh/.m2/repository/com/beust/jcommander/1.72/jcommander-1.72.jar:/Users/pramodsingh/.m2/repository/org/apache-extras/beanshell/bsh/2.0b6/bsh-2.0b6.jar:/Users/pramodsingh/.m2/repository/org/uncommons/reportng/1.1.4/reportng-1.1.4.jar:/Users/pramodsingh/.m2/repository/velocity/velocity/1.4/velocity-1.4.jar:/Users/pramodsingh/.m2/repository/com/amazon/redshift/redshift-jdbc42/2.0.0.5/redshift-jdbc42-2.0.0.5.jar:/Users/pramodsingh/.m2/repository/org/yaml/snakeyaml/1.24/snakeyaml-1.24.jar:/Users/pramodsingh/.m2/repository/commons-io/commons-io/2.6/commons-io-2.6.jar:/Users/pramodsingh/.m2/repository/io/github/bonigarcia/webdrivermanager/5.0.3/webdrivermanager-5.0.3.jar:/Users/pramodsingh/.m2/repository/com/google/code/gson/gson/2.8.8/gson-2.8.8.jar:/Users/pramodsingh/.m2/repository/org/jsoup/jsoup/1.14.2/jsoup-1.14.2.jar:/Users/pramodsingh/.m2/repository/com/github/docker-java/docker-java/3.2.12/docker-java-3.2.12.jar:/Users/pramodsingh/.m2/repository/com/github/docker-java/docker-java-core/3.2.12/docker-java-core-3.2.12.jar:/Users/pramodsingh/.m2/repository/com/github/docker-java/docker-java-api/3.2.12/docker-java-api-3.2.12.jar:/Users/pramodsingh/.m2/repository/org/apache/commons/commons-compress/1.21/commons-compress-1.21.jar:/Users/pramodsingh/.m2/repository/org/bouncycastle/bcpkix-jdk15on/1.64/bcpkix-jdk15on-1.64.jar:/Users/pramodsingh/.m2/repository/org/bouncycastle/bcprov-jdk15on/1.64/bcprov-jdk15on-1.64.jar:/Users/pramodsingh/.m2/repository/org/slf4j/jcl-over-slf4j/1.7.30/jcl-over-slf4j-1.7.30.jar:/Users/pramodsingh/.m2/repository/com/github/docker-java/docker-java-transport-httpclient5/3.2.12/docker-java-transport-httpclient5-3.2.12.jar:/Users/pramodsingh/.m2/repository/com/github/docker-java/docker-java-transport/3.2.12/docker-java-transport-3.2.12.jar:/Users/pramodsingh/.m2/repository/org/apache/httpcomponents/client5/httpclient5/5.0.3/httpclient5-5.0.3.jar:/Users/pramodsingh/.m2/repository/org/apache/httpcomponents/core5/httpcore5/5.0.2/httpcore5-5.0.2.jar:/Users/pramodsingh/.m2/repository/net/java/dev/jna/jna/5.8.0/jna-5.8.0.jar:/Users/pramodsingh/.m2/repository/org/brotli/dec/0.1.2/dec-0.1.2.jar:/Users/pramodsingh/.m2/repository/com/squareup/okhttp3/logging-interceptor/4.9.0/logging-interceptor-4.9.0.jar:/Users/pramodsingh/.m2/repository/org/jetbrains/kotlin/kotlin-stdlib-jdk8/1.4.10/kotlin-stdlib-jdk8-1.4.10.jar:/Users/pramodsingh/.m2/repository/org/jetbrains/kotlin/kotlin-stdlib-jdk7/1.4.10/kotlin-stdlib-jdk7-1.4.10.jar:/Users/pramodsingh/.m2/repository/com/squareup/okhttp3/okhttp/4.9.1/okhttp-4.9.1.jar:/Users/pramodsingh/.m2/repository/com/squareup/okio/okio/2.8.0/okio-2.8.0.jar:/Users/pramodsingh/.m2/repository/org/jetbrains/kotlin/kotlin-stdlib/1.3.70/kotlin-stdlib-1.3.70.jar:/Users/pramodsingh/.m2/repository/org/jetbrains/kotlin/kotlin-stdlib-common/1.3.70/kotlin-stdlib-common-1.3.70.jar:/Users/pramodsingh/.m2/repository/org/jetbrains/annotations/13.0/annotations-13.0.jar:/Users/pramodsingh/.m2/repository/com/epam/healenium/healenium-web/3.1.6/healenium-web-3.1.6.jar:/Users/pramodsingh/.m2/repository/org/apache/maven/plugins/maven-surefire-plugin/3.0.0-M5/maven-surefire-plugin-3.0.0-M5.jar:/Users/pramodsingh/.m2/repository/org/apache/maven/surefire/maven-surefire-common/3.0.0-M5/maven-surefire-common-3.0.0-M5.jar:/Users/pramodsingh/.m2/repository/org/apache/maven/surefire/surefire-api/3.0.0-M5/surefire-api-3.0.0-M5.jar:/Users/pramodsingh/.m2/repository/org/apache/maven/surefire/surefire-logger-api/3.0.0-M5/surefire-logger-api-3.0.0-M5.jar:/Users/pramodsingh/.m2/repository/org/apache/maven/surefire/surefire-extensions-api/3.0.0-M5/surefire-extensions-api-3.0.0-M5.jar:/Users/pramodsingh/.m2/repository/org/apache/maven/surefire/surefire-booter/3.0.0-M5/surefire-booter-3.0.0-M5.jar:/Users/pramodsingh/.m2/repository/org/apache/maven/surefire/surefire-extensions-spi/3.0.0-M5/surefire-extensions-spi-3.0.0-M5.jar:/Users/pramodsingh/.m2/repository/org/apache/maven/maven-toolchain/3.0-alpha-2/maven-toolchain-3.0-alpha-2.jar:/Users/pramodsingh/.m2/repository/org/apache/maven/shared/maven-artifact-transfer/0.11.0/maven-artifact-transfer-0.11.0.jar:/Users/pramodsingh/.m2/repository/org/apache/maven/shared/maven-common-artifact-filters/3.0.1/maven-common-artifact-filters-3.0.1.jar:/Users/pramodsingh/.m2/repository/org/sonatype/sisu/sisu-inject-plexus/1.4.2/sisu-inject-plexus-1.4.2.jar:/Users/pramodsingh/.m2/repository/org/sonatype/sisu/sisu-inject-bean/1.4.2/sisu-inject-bean-1.4.2.jar:/Users/pramodsingh/.m2/repository/org/sonatype/sisu/sisu-guice/2.1.7/sisu-guice-2.1.7-noaop.jar:/Users/pramodsingh/.m2/repository/org/codehaus/plexus/plexus-java/1.0.5/plexus-java-1.0.5.jar:/Users/pramodsingh/.m2/repository/org/ow2/asm/asm/7.2/asm-7.2.jar:/Users/pramodsingh/.m2/repository/com/thoughtworks/qdox/qdox/2.0-M9/qdox-2.0-M9.jar:/Users/pramodsingh/.m2/repository/org/apache/maven/surefire/surefire-shared-utils/3.0.0-M4/surefire-shared-utils-3.0.0-M4.jar:/Users/pramodsingh/.m2/repository/org/apache/maven/maven-artifact/2.0.11/maven-artifact-2.0.11.jar:/Users/pramodsingh/.m2/repository/org/apache/maven/maven-compat/3.8.1/maven-compat-3.8.1.jar:/Users/pramodsingh/.m2/repository/org/apache/maven/maven-model/3.8.1/maven-model-3.8.1.jar:/Users/pramodsingh/.m2/repository/org/apache/maven/maven-model-builder/3.8.1/maven-model-builder-3.8.1.jar:/Users/pramodsingh/.m2/repository/javax/inject/javax.inject/1/javax.inject-1.jar:/Users/pramodsingh/.m2/repository/org/apache/maven/maven-builder-support/3.8.1/maven-builder-support-3.8.1.jar:/Users/pramodsingh/.m2/repository/org/eclipse/sisu/org.eclipse.sisu.inject/0.3.4/org.eclipse.sisu.inject-0.3.4.jar:/Users/pramodsingh/.m2/repository/org/apache/maven/maven-settings/3.8.1/maven-settings-3.8.1.jar:/Users/pramodsingh/.m2/repository/org/apache/maven/maven-settings-builder/3.8.1/maven-settings-builder-3.8.1.jar:/Users/pramodsingh/.m2/repository/org/sonatype/plexus/plexus-sec-dispatcher/1.4/plexus-sec-dispatcher-1.4.jar:/Users/pramodsingh/.m2/repository/org/sonatype/plexus/plexus-cipher/1.4/plexus-cipher-1.4.jar:/Users/pramodsingh/.m2/repository/org/apache/maven/maven-core/3.8.1/maven-core-3.8.1.jar:/Users/pramodsingh/.m2/repository/org/apache/maven/resolver/maven-resolver-spi/1.6.2/maven-resolver-spi-1.6.2.jar:/Users/pramodsingh/.m2/repository/org/apache/maven/shared/maven-shared-utils/3.2.1/maven-shared-utils-3.2.1.jar:/Users/pramodsingh/.m2/repository/com/google/inject/guice/4.2.1/guice-4.2.1-no_aop.jar:/Users/pramodsingh/.m2/repository/aopalliance/aopalliance/1.0/aopalliance-1.0.jar:/Users/pramodsingh/.m2/repository/org/apache/maven/maven-resolver-provider/3.8.1/maven-resolver-provider-3.8.1.jar:/Users/pramodsingh/.m2/repository/org/apache/maven/maven-repository-metadata/3.8.1/maven-repository-metadata-3.8.1.jar:/Users/pramodsingh/.m2/repository/org/apache/maven/resolver/maven-resolver-api/1.6.2/maven-resolver-api-1.6.2.jar:/Users/pramodsingh/.m2/repository/org/apache/maven/resolver/maven-resolver-util/1.6.2/maven-resolver-util-1.6.2.jar:/Users/pramodsingh/.m2/repository/org/apache/maven/resolver/maven-resolver-impl/1.6.2/maven-resolver-impl-1.6.2.jar:/Users/pramodsingh/.m2/repository/org/codehaus/plexus/plexus-interpolation/1.25/plexus-interpolation-1.25.jar:/Users/pramodsingh/.m2/repository/org/eclipse/sisu/org.eclipse.sisu.plexus/0.3.4/org.eclipse.sisu.plexus-0.3.4.jar:/Users/pramodsingh/.m2/repository/javax/enterprise/cdi-api/1.0/cdi-api-1.0.jar:/Users/pramodsingh/.m2/repository/javax/annotation/jsr250-api/1.0/jsr250-api-1.0.jar:/Users/pramodsingh/.m2/repository/org/codehaus/plexus/plexus-component-annotations/2.1.0/plexus-component-annotations-2.1.0.jar:/Users/pramodsingh/.m2/repository/org/apache/maven/wagon/wagon-provider-api/3.4.3/wagon-provider-api-3.4.3.jar:/Users/pramodsingh/.m2/repository/org/apache/maven/maven-plugin-api/3.8.1/maven-plugin-api-3.8.1.jar:/Users/pramodsingh/.m2/repository/org/codehaus/plexus/plexus-classworlds/2.6.0/plexus-classworlds-2.6.0.jar:/Users/pramodsingh/.m2/repository/com/typesafe/config/1.3.4/config-1.3.4.jar:/Users/pramodsingh/.m2/repository/com/epam/healenium/tree-comparing/0.4.10/tree-comparing-0.4.10.jar:/Users/pramodsingh/.m2/repository/commons-codec/commons-codec/1.12/commons-codec-1.12.jar:/Users/pramodsingh/.m2/repository/org/slf4j/slf4j-simple/1.7.30/slf4j-simple-1.7.30.jar:/Users/pramodsingh/.m2/repository/org/mapstruct/mapstruct/1.4.2.Final/mapstruct-1.4.2.Final.jar:/Users/pramodsingh/.m2/repository/org/projectlombok/lombok/1.18.20/lombok-1.18.20.jar:/Users/pramodsingh/.m2/repository/one/util/streamex/0.7.2/streamex-0.7.2.jar:/Users/pramodsingh/.m2/repository/org/mapstruct/mapstruct-processor/1.4.2.Final/mapstruct-processor-1.4.2.Final.jar:/Users/pramodsingh/.m2/repository/io/cucumber/cucumber-java8/4.2.3/cucumber-java8-4.2.3.jar:/Users/pramodsingh/.m2/repository/net/jodah/typetools/0.5.0/typetools-0.5.0.jar:/Users/pramodsingh/.m2/repository/io/cucumber/cucumber-java/4.2.3/cucumber-java-4.2.3.jar:/Users/pramodsingh/.m2/repository/io/cucumber/cucumber-core/4.2.3/cucumber-core-4.2.3.jar:/Users/pramodsingh/.m2/repository/io/cucumber/cucumber-html/0.2.7/cucumber-html-0.2.7.jar:/Users/pramodsingh/.m2/repository/io/cucumber/gherkin/5.1.0/gherkin-5.1.0.jar:/Users/pramodsingh/.m2/repository/io/cucumber/tag-expressions/1.1.1/tag-expressions-1.1.1.jar:/Users/pramodsingh/.m2/repository/io/cucumber/cucumber-expressions/6.2.0/cucumber-expressions-6.2.0.jar:/Users/pramodsingh/.m2/repository/io/cucumber/datatable/1.1.12/datatable-1.1.12.jar:/Users/pramodsingh/.m2/repository/io/cucumber/datatable-dependencies/1.1.12/datatable-dependencies-1.1.12.jar:/Users/pramodsingh/.m2/repository/org/python/jython-standalone/2.7.2/jython-standalone-2.7.2.jar:/Users/pramodsingh/.m2/repository/net/masterthought/cucumber-reporting/4.2.3/cucumber-reporting-4.2.3.jar:/Users/pramodsingh/.m2/repository/org/apache/velocity/velocity/1.7/velocity-1.7.jar:/Users/pramodsingh/.m2/repository/velocity-tools/velocity-tools/1.4/velocity-tools-1.4.jar:/Users/pramodsingh/.m2/repository/joda-time/joda-time/2.10.1/joda-time-2.10.1.jar:/Users/pramodsingh/.m2/repository/org/codehaus/plexus/plexus-utils/3.1.0/plexus-utils-3.1.0.jar:/Users/pramodsingh/.m2/repository/com/googlecode/owasp-java-html-sanitizer/owasp-java-html-sanitizer/20181114.1/owasp-java-html-sanitizer-20181114.1.jar:/Users/pramodsingh/.m2/repository/commons-configuration/commons-configuration/1.10/commons-configuration-1.10.jar:/Users/pramodsingh/.m2/repository/io/cucumber/cucumber-testng/4.2.3/cucumber-testng-4.2.3.jar:/Users/pramodsingh/.m2/repository/com/fasterxml/jackson/core/jackson-core/2.6.3/jackson-core-2.6.3.jar:/Users/pramodsingh/.m2/repository/com/fasterxml/jackson/core/jackson-databind/2.6.3/jackson-databind-2.6.3.jar:/Users/pramodsingh/.m2/repository/com/fasterxml/jackson/datatype/jackson-datatype-joda/2.6.3/jackson-datatype-joda-2.6.3.jar:/Users/pramodsingh/.m2/repository/io/rest-assured/rest-assured/3.0.0/rest-assured-3.0.0.jar:/Users/pramodsingh/.m2/repository/io/rest-assured/json-path/3.0.0/json-path-3.0.0.jar:/Users/pramodsingh/.m2/repository/io/rest-assured/rest-assured-common/3.0.0/rest-assured-common-3.0.0.jar:/Users/pramodsingh/.m2/repository/io/rest-assured/xml-path/3.0.0/xml-path-3.0.0.jar:/Users/pramodsingh/.m2/repository/com/opera/operadriver/1.5/operadriver-1.5.jar:/Users/pramodsingh/.m2/repository/com/opera/operalaunchers/1.1/operalaunchers-1.1.jar:/Users/pramodsingh/.m2/repository/com/google/protobuf/protobuf-java/2.4.1/protobuf-java-2.4.1.jar:/Users/pramodsingh/.m2/repository/commons-jxpath/commons-jxpath/1.3/commons-jxpath-1.3.jar:/Users/pramodsingh/.m2/repository/org/ini4j/ini4j/0.5.2/ini4j-0.5.2.jar:/Users/pramodsingh/.m2/repository/org/codehaus/jackson/jackson-mapper-asl/1.5.0/jackson-mapper-asl-1.5.0.jar:/Users/pramodsingh/.m2/repository/org/codehaus/jackson/jackson-core-asl/1.5.0/jackson-core-asl-1.5.0.jar:/Users/pramodsingh/.m2/repository/org/seleniumhq/selenium/selenium-chrome-driver/3.141.59/selenium-chrome-driver-3.141.59.jar:/Users/pramodsingh/.m2/repository/org/seleniumhq/selenium/selenium-remote-driver/3.141.59/selenium-remote-driver-3.141.59.jar:/Users/pramodsingh/.m2/repository/net/bytebuddy/byte-buddy/1.8.15/byte-buddy-1.8.15.jar:/Users/pramodsingh/.m2/repository/org/seleniumhq/selenium/selenium-support/3.141.59/selenium-support-3.141.59.jar:/Users/pramodsingh/.m2/repository/org/seleniumhq/selenium/selenium-api/3.141.59/selenium-api-3.141.59.jar:/Users/pramodsingh/.m2/repository/org/seleniumhq/selenium/htmlunit-driver/2.20/htmlunit-driver-2.20.jar:/Users/pramodsingh/.m2/repository/net/sourceforge/htmlunit/htmlunit/2.20/htmlunit-2.20.jar:/Users/pramodsingh/.m2/repository/net/sourceforge/nekohtml/nekohtml/1.9.22/nekohtml-1.9.22.jar:/Users/pramodsingh/.m2/repository/net/sourceforge/cssparser/cssparser/0.9.18/cssparser-0.9.18.jar:/Users/pramodsingh/.m2/repository/org/w3c/css/sac/1.3/sac-1.3.jar:/Users/pramodsingh/.m2/repository/commons-collections/commons-collections/3.2.2/commons-collections-3.2.2.jar:/Users/pramodsingh/.m2/repository/org/seleniumhq/selenium/selenium-java/3.14.0/selenium-java-3.14.0.jar:/Users/pramodsingh/.m2/repository/org/seleniumhq/selenium/selenium-edge-driver/3.14.0/selenium-edge-driver-3.14.0.jar:/Users/pramodsingh/.m2/repository/org/seleniumhq/selenium/selenium-firefox-driver/3.14.0/selenium-firefox-driver-3.14.0.jar:/Users/pramodsingh/.m2/repository/org/seleniumhq/selenium/selenium-ie-driver/3.14.0/selenium-ie-driver-3.14.0.jar:/Users/pramodsingh/.m2/repository/org/seleniumhq/selenium/selenium-opera-driver/3.14.0/selenium-opera-driver-3.14.0.jar:/Users/pramodsingh/.m2/repository/org/seleniumhq/selenium/selenium-safari-driver/3.14.0/selenium-safari-driver-3.14.0.jar:/Users/pramodsingh/.m2/repository/commons-logging/commons-logging/1.2/commons-logging-1.2.jar:/Users/pramodsingh/.m2/repository/org/apache/httpcomponents/httpcore/4.4.9/httpcore-4.4.9.jar:/Users/pramodsingh/.m2/repository/org/seleniumhq/selenium/selenium-server/3.14.0/selenium-server-3.14.0.jar:/Users/pramodsingh/.m2/repository/org/apache/commons/commons-text/1.1/commons-text-1.1.jar:/Users/pramodsingh/.m2/repository/commons-net/commons-net/3.6/commons-net-3.6.jar:/Users/pramodsingh/.m2/repository/net/sourceforge/htmlunit/htmlunit-core-js/2.28/htmlunit-core-js-2.28.jar:/Users/pramodsingh/.m2/repository/net/sourceforge/htmlunit/htmlunit-cssparser/1.0.0/htmlunit-cssparser-1.0.0.jar:/Users/pramodsingh/.m2/repository/net/sourceforge/htmlunit/neko-htmlunit/2.30/neko-htmlunit-2.30.jar:/Users/pramodsingh/.m2/repository/net/jcip/jcip-annotations/1.0/jcip-annotations-1.0.jar:/Users/pramodsingh/.m2/repository/org/seleniumhq/selenium/jetty-repacked/9.4.8.v20180619/jetty-repacked-9.4.8.v20180619.jar:/Users/pramodsingh/.m2/repository/org/eclipse/jetty/jetty-client/9.4.8.v20180619/jetty-client-9.4.8.v20180619.jar:/Users/pramodsingh/.m2/repository/org/eclipse/jetty/jetty-http/9.4.8.v20180619/jetty-http-9.4.8.v20180619.jar:/Users/pramodsingh/.m2/repository/org/eclipse/jetty/jetty-io/9.4.8.v20180619/jetty-io-9.4.8.v20180619.jar:/Users/pramodsingh/.m2/repository/org/eclipse/jetty/jetty-util/9.4.8.v20180619/jetty-util-9.4.8.v20180619.jar:/Users/pramodsingh/.m2/repository/org/eclipse/jetty/jetty-xml/9.4.8.v20180619/jetty-xml-9.4.8.v20180619.jar:/Users/pramodsingh/.m2/repository/javax/servlet/javax.servlet-api/3.1.0/javax.servlet-api-3.1.0.jar:/Users/pramodsingh/.m2/repository/org/eclipse/jetty/websocket/websocket-api/9.4.8.v20180619/websocket-api-9.4.8.v20180619.jar:/Users/pramodsingh/.m2/repository/org/eclipse/jetty/websocket/websocket-client/9.4.8.v20180619/websocket-client-9.4.8.v20180619.jar:/Users/pramodsingh/.m2/repository/org/eclipse/jetty/websocket/websocket-common/9.4.8.v20180619/websocket-common-9.4.8.v20180619.jar:/Users/pramodsingh/.m2/repository/xalan/serializer/2.7.2/serializer-2.7.2.jar:/Users/pramodsingh/.m2/repository/xalan/xalan/2.7.2/xalan-2.7.2.jar:/Users/pramodsingh/.m2/repository/xerces/xercesImpl/2.11.0/xercesImpl-2.11.0.jar:/Users/pramodsingh/.m2/repository/xml-apis/xml-apis/1.4.01/xml-apis-1.4.01.jar:/Users/pramodsingh/.m2/repository/org/apache/commons/commons-exec/1.3/commons-exec-1.3.jar:/Users/pramodsingh/.m2/repository/commons-lang/commons-lang/2.6/commons-lang-2.6.jar:/Users/pramodsingh/.m2/repository/mysql/mysql-connector-java/5.1.6/mysql-connector-java-5.1.6.jar:/Users/pramodsingh/.m2/repository/org/apache/poi/poi-ooxml/3.17/poi-ooxml-3.17.jar:/Users/pramodsingh/.m2/repository/org/apache/poi/poi-ooxml-schemas/3.17/poi-ooxml-schemas-3.17.jar:/Users/pramodsingh/.m2/repository/org/apache/xmlbeans/xmlbeans/2.6.0/xmlbeans-2.6.0.jar:/Users/pramodsingh/.m2/repository/stax/stax-api/1.0.1/stax-api-1.0.1.jar:/Users/pramodsingh/.m2/repository/com/github/virtuald/curvesapi/1.04/curvesapi-1.04.jar:/Users/pramodsingh/.m2/repository/org/apache/poi/poi/3.17/poi-3.17.jar:/Users/pramodsingh/.m2/repository/org/apache/commons/commons-collections4/4.1/commons-collections4-4.1.jar:/Users/pramodsingh/.m2/repository/io/appium/java-client/4.1.2/java-client-4.1.2.jar:/Users/pramodsingh/.m2/repository/commons-validator/commons-validator/1.5.1/commons-validator-1.5.1.jar:/Users/pramodsingh/.m2/repository/commons-digester/commons-digester/1.8.1/commons-digester-1.8.1.jar:/Users/pramodsingh/.m2/repository/cglib/cglib-nodep/3.2.4/cglib-nodep-3.2.4.jar:/Users/pramodsingh/.m2/repository/org/springframework/spring-context/4.3.2.RELEASE/spring-context-4.3.2.RELEASE.jar:/Users/pramodsingh/.m2/repository/org/springframework/spring-aop/4.3.2.RELEASE/spring-aop-4.3.2.RELEASE.jar:/Users/pramodsingh/.m2/repository/org/springframework/spring-beans/4.3.2.RELEASE/spring-beans-4.3.2.RELEASE.jar:/Users/pramodsingh/.m2/repository/org/springframework/spring-core/4.3.2.RELEASE/spring-core-4.3.2.RELEASE.jar:/Users/pramodsingh/.m2/repository/org/springframework/spring-expression/4.3.2.RELEASE/spring-expression-4.3.2.RELEASE.jar:/Users/pramodsingh/.m2/repository/org/aspectj/aspectjweaver/1.8.9/aspectjweaver-1.8.9.jar:/Users/pramodsingh/.m2/repository/org/postgresql/postgresql/9.4-1206-jdbc42/postgresql-9.4-1206-jdbc42.jar:/Users/pramodsingh/.m2/repository/com/googlecode/json-simple/json-simple/1.1/json-simple-1.1.jar:/Users/pramodsingh/.m2/repository/org/apache/pdfbox/pdfbox/1.8.1/pdfbox-1.8.1.jar:/Users/pramodsingh/.m2/repository/org/apache/pdfbox/fontbox/1.8.1/fontbox-1.8.1.jar:/Users/pramodsingh/.m2/repository/org/apache/pdfbox/jempbox/1.8.1/jempbox-1.8.1.jar:/Users/pramodsingh/.m2/repository/org/mongodb/mongodb-driver/3.2.2/mongodb-driver-3.2.2.jar:/Users/pramodsingh/.m2/repository/org/mongodb/mongodb-driver-core/3.2.2/mongodb-driver-core-3.2.2.jar:/Users/pramodsingh/.m2/repository/org/mongodb/bson/3.2.2/bson-3.2.2.jar:/Users/pramodsingh/.m2/repository/org/json/json/20180813/json-20180813.jar:/Users/pramodsingh/.m2/repository/com/jcraft/jsch/0.1.53/jsch-0.1.53.jar:/Users/pramodsingh/.m2/repository/io/github/sukgu/automation/0.0.12/automation-0.0.12.jar:/Users/pramodsingh/.m2/repository/org/assertj/assertj-core/3.11.1/assertj-core-3.11.1.jar:/Users/pramodsingh/.m2/repository/org/slf4j/slf4j-api/1.7.5/slf4j-api-1.7.5.jar:/Users/pramodsingh/.m2/repository/org/jboss/aerogear/aerogear-otp-java/1.0.0/aerogear-otp-java-1.0.0.jar:/Users/pramodsingh/.m2/repository/io/cucumber/cucumber-picocontainer/4.2.3/cucumber-picocontainer-4.2.3.jar:/Users/pramodsingh/.m2/repository/org/picocontainer/picocontainer/2.15/picocontainer-2.15.jar:/Users/pramodsingh/.m2/repository/com/opencsv/opencsv/5.6/opencsv-5.6.jar:/Users/pramodsingh/.m2/repository/commons-beanutils/commons-beanutils/1.9.4/commons-beanutils-1.9.4.jar:/Users/pramodsingh/.m2/repository/com/aventstack/extentreports/3.1.5/extentreports-3.1.5.jar:/Users/pramodsingh/.m2/repository/org/freemarker/freemarker/2.3.23/freemarker-2.3.23.jar:/Users/pramodsingh/.m2/repository/ru/yandex/qatools/allure/allure-java-annotations/1.5.4/allure-java-annotations-1.5.4.jar:/Users/pramodsingh/.m2/repository/ru/yandex/qatools/allure/allure-model/1.5.4/allure-model-1.5.4.jar:/Users/pramodsingh/.m2/repository/org/jvnet/jaxb2_commons/jaxb2-basics-runtime/0.9.3/jaxb2-basics-runtime-0.9.3.jar:/Users/pramodsingh/.m2/repository/ru/qatools/commons/properties/2.0.RC5/properties-2.0.RC5.jar: -sourcepath /Users/pramodsingh/Desktop/automation/automationutils/src/main/java:/Users/pramodsingh/Desktop/automation/automationutils/target/generated-sources/annotations: -s /Users/pramodsingh/Desktop/automation/automationutils/target/generated-sources/annotations -g -nowarn -target 1.8 -source 1.8 -encoding UTF-8
[DEBUG] incrementalBuildHelper#beforeRebuildExecution
[INFO] Compiling 58 source files to /Users/pramodsingh/Desktop/automation/automationutils/target/classes
[DEBUG] incrementalBuildHelper#afterRebuildExecution
[WARNING] /Users/pramodsingh/Desktop/automation/automationutils/src/main/java/com/pksautomation/utils/AesEncrypter.java:[9,16] sun.misc.BASE64Decoder is internal proprietary API and may be removed in a future release
[WARNING] /Users/pramodsingh/Desktop/automation/automationutils/src/main/java/com/pksautomation/utils/AesEncrypter.java:[10,16] sun.misc.BASE64Encoder is internal proprietary API and may be removed in a future release
[WARNING] /Users/pramodsingh/Desktop/automation/automationutils/src/main/java/com/pksautomation/utils/AesEncrypter.java:[9,16] sun.misc.BASE64Decoder is internal proprietary API and may be removed in a future release
[WARNING] /Users/pramodsingh/Desktop/automation/automationutils/src/main/java/com/pksautomation/utils/AesEncrypter.java:[10,16] sun.misc.BASE64Encoder is internal proprietary API and may be removed in a future release
[WARNING] /Users/pramodsingh/Desktop/automation/automationutils/src/main/java/com/pksautomation/utils/AesEncrypter.java:[9,16] sun.misc.BASE64Decoder is internal proprietary API and may be removed in a future release
[WARNING] /Users/pramodsingh/Desktop/automation/automationutils/src/main/java/com/pksautomation/utils/AesEncrypter.java:[10,16] sun.misc.BASE64Encoder is internal proprietary API and may be removed in a future release
[WARNING] /Users/pramodsingh/Desktop/automation/automationutils/src/main/java/com/pksautomation/utils/AesEncrypter.java:[9,16] sun.misc.BASE64Decoder is internal proprietary API and may be removed in a future release
[WARNING] /Users/pramodsingh/Desktop/automation/automationutils/src/main/java/com/pksautomation/utils/AesEncrypter.java:[10,16] sun.misc.BASE64Encoder is internal proprietary API and may be removed in a future release
[WARNING] /Users/pramodsingh/Desktop/automation/automationutils/src/main/java/com/pksautomation/utils/AesEncrypter.java:[9,16] sun.misc.BASE64Decoder is internal proprietary API and may be removed in a future release
[WARNING] /Users/pramodsingh/Desktop/automation/automationutils/src/main/java/com/pksautomation/utils/AesEncrypter.java:[10,16] sun.misc.BASE64Encoder is internal proprietary API and may be removed in a future release
[WARNING] /Users/pramodsingh/Desktop/automation/automationutils/src/main/java/com/pksautomation/utils/AesEncrypter.java:[92,13] sun.misc.BASE64Decoder is internal proprietary API and may be removed in a future release
[WARNING] /Users/pramodsingh/Desktop/automation/automationutils/src/main/java/com/pksautomation/utils/AesEncrypter.java:[92,35] sun.misc.BASE64Decoder is internal proprietary API and may be removed in a future release
[WARNING] /Users/pramodsingh/Desktop/automation/automationutils/src/main/java/com/pksautomation/utils/AesEncrypter.java:[98,9] sun.misc.BASE64Encoder is internal proprietary API and may be removed in a future release
[WARNING] /Users/pramodsingh/Desktop/automation/automationutils/src/main/java/com/pksautomation/utils/AesEncrypter.java:[98,33] sun.misc.BASE64Encoder is internal proprietary API and may be removed in a future release
[INFO] /Users/pramodsingh/Desktop/automation/automationutils/src/main/java/com/pksautomation/utils/Element.java: Some input files use or override a deprecated API.
[INFO] /Users/pramodsingh/Desktop/automation/automationutils/src/main/java/com/pksautomation/utils/Element.java: Recompile with -Xlint:deprecation for details.
[INFO] /Users/pramodsingh/Desktop/automation/automationutils/src/main/java/com/pksautomation/utils/v2/fileutils/YamlUtils.java: Some input files use unchecked or unsafe operations.
[INFO] /Users/pramodsingh/Desktop/automation/automationutils/src/main/java/com/pksautomation/utils/v2/fileutils/YamlUtils.java: Recompile with -Xlint:unchecked for details.
[INFO] 
[INFO] --- resources:3.1.0:testResources (default-testResources) @ AutomationUtils ---
[DEBUG] Loading mojo org.apache.maven.plugins:maven-resources-plugin:3.1.0:testResources from plugin realm ClassRealm[plugin>org.apache.maven.plugins:maven-resources-plugin:3.1.0, parent: sun.misc.Launcher$AppClassLoader@7852e922]
[DEBUG] Configuring mojo execution 'org.apache.maven.plugins:maven-resources-plugin:3.1.0:testResources:default-testResources' with basic configurator -->
[DEBUG]   (f) addDefaultExcludes = true
[DEBUG]   (f) buildFilters = []
[DEBUG]   (f) encoding = UTF-8
[DEBUG]   (f) escapeWindowsPaths = true
[DEBUG]   (f) fileNameFiltering = false
[DEBUG]   (s) includeEmptyDirs = false
[DEBUG]   (s) outputDirectory = /Users/pramodsingh/Desktop/automation/automationutils/target/test-classes
[DEBUG]   (s) overwrite = false
[DEBUG]   (f) project = MavenProject: com.pksautomation.automationutils:AutomationUtils:0.0.1-SNAPSHOT @ /Users/pramodsingh/Desktop/automation/automationutils/pom.xml
[DEBUG]   (s) resources = [Resource {targetPath: null, filtering: false, FileSet {directory: /Users/pramodsingh/Desktop/automation/automationutils/src/test/resources, PatternSet [includes: {}, excludes: {}]}}]
[DEBUG]   (f) session = org.apache.maven.execution.MavenSession@2d9f64c9
[DEBUG]   (f) skip = false
[DEBUG]   (f) supportMultiLineFiltering = false
[DEBUG]   (f) useBuildFilters = true
[DEBUG]   (s) useDefaultDelimiters = true
[DEBUG] -- end configuration --
[DEBUG] properties used {java.vendor=Temurin, sun.java.launcher=SUN_STANDARD, env.XPC_SERVICE_NAME=0, sun.management.compiler=HotSpot 64-Bit Tiered Compilers, os.name=Mac OS X, sun.boot.class.path=/Library/Java/JavaVirtualMachines/temurin-8.jdk/Contents/Home/jre/lib/resources.jar:/Library/Java/JavaVirtualMachines/temurin-8.jdk/Contents/Home/jre/lib/rt.jar:/Library/Java/JavaVirtualMachines/temurin-8.jdk/Contents/Home/jre/lib/sunrsasign.jar:/Library/Java/JavaVirtualMachines/temurin-8.jdk/Contents/Home/jre/lib/jsse.jar:/Library/Java/JavaVirtualMachines/temurin-8.jdk/Contents/Home/jre/lib/jce.jar:/Library/Java/JavaVirtualMachines/temurin-8.jdk/Contents/Home/jre/lib/charsets.jar:/Library/Java/JavaVirtualMachines/temurin-8.jdk/Contents/Home/jre/lib/jfr.jar:/Library/Java/JavaVirtualMachines/temurin-8.jdk/Contents/Home/jre/classes, env.TMPDIR=/var/folders/53/bmdrr0v55j1fp062357k3t2r0000gn/T/, env.PWD=/Users/pramodsingh/Desktop/automation/automationutils, env.PROCESS_LAUNCHED_BY_CW=1, java.vm.specification.vendor=Oracle Corporation, java.runtime.version=1.8.0_492-b09, project.build.sourceEncoding=UTF-8, user.name=pramodsingh, maven.build.version=Apache Maven 3.9.16 (2bdd9fddda4b155ebf8000e807eb73fd829a51d5), env.USER=pramodsingh, env.SHELL=/bin/zsh, env.__CF_USER_TEXT_ENCODING=0x1F5:0x0:0x0, env.PATH=/opt/homebrew/opt/maven/bin:/Library/Java/JavaVirtualMachines/temurin-8.jdk/Contents/Home/bin:/opt/homebrew/bin:/opt/homebrew/sbin:/usr/local/bin:/System/Cryptexes/App/usr/bin:/usr/bin:/bin:/usr/sbin:/sbin:/var/run/com.apple.security.cryptexd/codex.system/bootstrap/usr/local/bin:/var/run/com.apple.security.cryptexd/codex.system/bootstrap/usr/bin:/var/run/com.apple.security.cryptexd/codex.system/bootstrap/usr/appleinternal/bin, env.HOMEBREW_CELLAR=/opt/homebrew/Cellar, user.language=en, env.PROCESS_LAUNCHED_BY_Q=1, sun.boot.library.path=/Library/Java/JavaVirtualMachines/temurin-8.jdk/Contents/Home/jre/lib, classworlds.conf=/opt/homebrew/Cellar/maven/3.9.16/libexec/bin/m2.conf, env.XPC_FLAGS=0x0, env.LC_CTYPE=UTF-8, java.version=1.8.0_492, user.timezone=, project.baseUri=file:/Users/pramodsingh/Desktop/automation/automationutils/, maven.build.timestamp=2026-05-31T10:43:44Z, sun.arch.data.model=64, http.nonProxyHosts=local|*.local|169.254/16|*.169.254/16, java.endorsed.dirs=/Library/Java/JavaVirtualMachines/temurin-8.jdk/Contents/Home/jre/lib/endorsed, sun.cpu.isalist=, sun.jnu.encoding=UTF-8, file.encoding.pkg=sun.io, env.SHLVL=1, file.separator=/, java.specification.name=Java Platform API Specification, maven.conf=/opt/homebrew/Cellar/maven/3.9.16/libexec/conf, java.class.version=52.0, user.country=IN, java.home=/Library/Java/JavaVirtualMachines/temurin-8.jdk/Contents/Home/jre, java.vm.info=mixed mode, env.LOGNAME=pramodsingh, os.version=15.5, path.separator=:, java.vm.version=25.492-b09, env.__CFBundleIdentifier=com.jetbrains.intellij, env.HOMEBREW_PREFIX=/opt/homebrew, env.JAVA_HOME=/Library/Java/JavaVirtualMachines/temurin-8.jdk/Contents/Home, java.awt.printerjob=sun.lwawt.macosx.CPrinterJob, env.TERM=xterm-256color, sun.io.unicode.encoding=UnicodeBig, java.specification.maintenance.version=6, awt.toolkit=sun.lwawt.macosx.LWCToolkit, env.JAVA_MAIN_CLASS_38300=org.codehaus.plexus.classworlds.launcher.Launcher, socksNonProxyHosts=local|*.local|169.254/16|*.169.254/16, ftp.nonProxyHosts=local|*.local|169.254/16|*.169.254/16, user.home=/Users/pramodsingh, env.OLDPWD=/Users/pramodsingh/Desktop/automation/automationutils, java.specification.vendor=Oracle Corporation, library.jansi.path=/opt/homebrew/Cellar/maven/3.9.16/libexec/lib/jansi-native, java.library.path=/Users/pramodsingh/Library/Java/Extensions:/Library/Java/Extensions:/Network/Library/Java/Extensions:/System/Library/Java/Extensions:/usr/lib/java:., env.HOMEBREW_REPOSITORY=/opt/homebrew, java.vendor.url=https://adoptium.net/, env.MAVEN_CMD_LINE_ARGS= clean install -X, java.vm.vendor=Temurin, gopherProxySet=false, maven.home=/opt/homebrew/Cellar/maven/3.9.16/libexec, java.runtime.name=OpenJDK Runtime Environment, sun.java.command=org.codehaus.plexus.classworlds.launcher.Launcher clean install -X, java.class.path=/opt/homebrew/Cellar/maven/3.9.16/libexec/boot/plexus-classworlds-2.11.0.jar, env.TERM_SESSION_ID=e6dc18a3-51e3-423e-9413-9aa7d3fd2643, maven.version=3.9.16, env.FPATH=/opt/homebrew/share/zsh/site-functions:/usr/local/share/zsh/site-functions:/usr/share/zsh/site-functions:/usr/share/zsh/5.9/functions, env.FIG_TERM=1, java.vm.specification.name=Java Virtual Machine Specification, java.vm.specification.version=1.8, sun.os.patch.level=unknown, sun.cpu.endian=little, env.HOME=/Users/pramodsingh, java.io.tmpdir=/var/folders/53/bmdrr0v55j1fp062357k3t2r0000gn/T/, maven.multiModuleProjectDirectory=/Users/pramodsingh/Desktop/automation/automationutils, java.vendor.url.bug=https://github.com/adoptium/adoptium-support/issues, env.SSH_AUTH_SOCK=/private/tmp/com.apple.launchd.Mhaowd8MXp/Listeners, env.PYTHONUNBUFFERED=1, env.COMMAND_MODE=unix2003, java.awt.graphicsenv=sun.awt.CGraphicsEnvironment, os.arch=x86_64, java.ext.dirs=/Users/pramodsingh/Library/Java/Extensions:/Library/Java/JavaVirtualMachines/temurin-8.jdk/Contents/Home/jre/lib/ext:/Library/Java/Extensions:/Network/Library/Java/Extensions:/System/Library/Java/Extensions:/usr/lib/java, user.dir=/Users/pramodsingh/Desktop/automation/automationutils, env.MAVEN_HOME=/opt/homebrew/Cellar/maven/3.9.16/libexec, env.INFOPATH=/opt/homebrew/share/info:, line.separator=
, java.vm.name=OpenJDK 64-Bit Server VM, env.IJ_RESTARTER_LOG=/Users/pramodsingh/Library/Logs/JetBrains/IntelliJIdea2026.1/restarter.log, allure.version=1.4.12, env.TERMINAL_EMULATOR=JetBrains-JediTerm, file.encoding=UTF-8, java.specification.version=1.8, env.MAVEN_PROJECTBASEDIR=/Users/pramodsingh/Desktop/automation/automationutils}
[INFO] Using 'UTF-8' encoding to copy filtered resources.
[DEBUG] resource with targetPath null
directory /Users/pramodsingh/Desktop/automation/automationutils/src/test/resources
excludes []
includes []
[DEBUG] ignoreDelta true
[INFO] Copying 11 resources
[DEBUG] Copying file TestData/ScenarioDetails.xlsx
[DEBUG] file ScenarioDetails.xlsx has a filtered file extension
[DEBUG] copy /Users/pramodsingh/Desktop/automation/automationutils/src/test/resources/TestData/ScenarioDetails.xlsx to /Users/pramodsingh/Desktop/automation/automationutils/target/test-classes/TestData/ScenarioDetails.xlsx
[DEBUG] Copying file TestData/TestData.xlsx
[DEBUG] file TestData.xlsx has a filtered file extension
[DEBUG] copy /Users/pramodsingh/Desktop/automation/automationutils/src/test/resources/TestData/TestData.xlsx to /Users/pramodsingh/Desktop/automation/automationutils/target/test-classes/TestData/TestData.xlsx
[DEBUG] Copying file drivers/iOSDriver/geckodriver
[DEBUG] file geckodriver has a filtered file extension
[DEBUG] copy /Users/pramodsingh/Desktop/automation/automationutils/src/test/resources/drivers/iOSDriver/geckodriver to /Users/pramodsingh/Desktop/automation/automationutils/target/test-classes/drivers/iOSDriver/geckodriver
[DEBUG] Copying file drivers/iOSDriver/chromedriver
[DEBUG] file chromedriver has a filtered file extension
[DEBUG] copy /Users/pramodsingh/Desktop/automation/automationutils/src/test/resources/drivers/iOSDriver/chromedriver to /Users/pramodsingh/Desktop/automation/automationutils/target/test-classes/drivers/iOSDriver/chromedriver
[DEBUG] Copying file drivers/windowdriver/chromedriver.exe
[DEBUG] file chromedriver.exe has a filtered file extension
[DEBUG] copy /Users/pramodsingh/Desktop/automation/automationutils/src/test/resources/drivers/windowdriver/chromedriver.exe to /Users/pramodsingh/Desktop/automation/automationutils/target/test-classes/drivers/windowdriver/chromedriver.exe
[DEBUG] Copying file drivers/windowdriver/geckodriver.exe
[DEBUG] file geckodriver.exe has a filtered file extension
[DEBUG] copy /Users/pramodsingh/Desktop/automation/automationutils/src/test/resources/drivers/windowdriver/geckodriver.exe to /Users/pramodsingh/Desktop/automation/automationutils/target/test-classes/drivers/windowdriver/geckodriver.exe
[DEBUG] Copying file config/config.properties
[DEBUG] file config.properties has a filtered file extension
[DEBUG] copy /Users/pramodsingh/Desktop/automation/automationutils/src/test/resources/config/config.properties to /Users/pramodsingh/Desktop/automation/automationutils/target/test-classes/config/config.properties
[DEBUG] Copying file PythonFile/EncryptCreds.py
[DEBUG] file EncryptCreds.py has a filtered file extension
[DEBUG] copy /Users/pramodsingh/Desktop/automation/automationutils/src/test/resources/PythonFile/EncryptCreds.py to /Users/pramodsingh/Desktop/automation/automationutils/target/test-classes/PythonFile/EncryptCreds.py
[DEBUG] Copying file reportGenerator/Template.html
[DEBUG] file Template.html has a filtered file extension
[DEBUG] copy /Users/pramodsingh/Desktop/automation/automationutils/src/test/resources/reportGenerator/Template.html to /Users/pramodsingh/Desktop/automation/automationutils/target/test-classes/reportGenerator/Template.html
[DEBUG] Copying file reportGenerator/report.jar
[DEBUG] file report.jar has a filtered file extension
[DEBUG] copy /Users/pramodsingh/Desktop/automation/automationutils/src/test/resources/reportGenerator/report.jar to /Users/pramodsingh/Desktop/automation/automationutils/target/test-classes/reportGenerator/report.jar
[DEBUG] Copying file EncryptCreds$py.class
[DEBUG] file EncryptCreds$py.class has a filtered file extension
[DEBUG] copy /Users/pramodsingh/Desktop/automation/automationutils/src/test/resources/EncryptCreds$py.class to /Users/pramodsingh/Desktop/automation/automationutils/target/test-classes/EncryptCreds$py.class
[DEBUG] no use filter components
[INFO] 
[INFO] --- compiler:3.8.0:testCompile (default-testCompile) @ AutomationUtils ---
[DEBUG] Loading mojo org.apache.maven.plugins:maven-compiler-plugin:3.8.0:testCompile from plugin realm ClassRealm[plugin>org.apache.maven.plugins:maven-compiler-plugin:3.8.0, parent: sun.misc.Launcher$AppClassLoader@7852e922]
[DEBUG] Configuring mojo execution 'org.apache.maven.plugins:maven-compiler-plugin:3.8.0:testCompile:default-testCompile' with basic configurator -->
[DEBUG]   (f) basedir = /Users/pramodsingh/Desktop/automation/automationutils
[DEBUG]   (f) buildDirectory = /Users/pramodsingh/Desktop/automation/automationutils/target
[DEBUG]   (f) compilePath = [/Users/pramodsingh/Desktop/automation/automationutils/target/classes, /Users/pramodsingh/.m2/repository/com/fasterxml/jackson/core/jackson-annotations/2.8.8/jackson-annotations-2.8.8.jar, /Users/pramodsingh/.m2/repository/com/jayway/restassured/rest-assured/2.9.0/rest-assured-2.9.0.jar, /Users/pramodsingh/.m2/repository/org/codehaus/groovy/groovy/2.4.4/groovy-2.4.4.jar, /Users/pramodsingh/.m2/repository/org/codehaus/groovy/groovy-xml/2.4.4/groovy-xml-2.4.4.jar, /Users/pramodsingh/.m2/repository/org/apache/httpcomponents/httpclient/4.5.1/httpclient-4.5.1.jar, /Users/pramodsingh/.m2/repository/org/apache/httpcomponents/httpmime/4.5.1/httpmime-4.5.1.jar, /Users/pramodsingh/.m2/repository/org/hamcrest/hamcrest-core/1.3/hamcrest-core-1.3.jar, /Users/pramodsingh/.m2/repository/org/hamcrest/hamcrest-library/1.3/hamcrest-library-1.3.jar, /Users/pramodsingh/.m2/repository/org/ccil/cowan/tagsoup/tagsoup/1.2.1/tagsoup-1.2.1.jar, /Users/pramodsingh/.m2/repository/com/jayway/restassured/json-path/2.9.0/json-path-2.9.0.jar, /Users/pramodsingh/.m2/repository/org/codehaus/groovy/groovy-json/2.4.4/groovy-json-2.4.4.jar, /Users/pramodsingh/.m2/repository/com/jayway/restassured/rest-assured-common/2.9.0/rest-assured-common-2.9.0.jar, /Users/pramodsingh/.m2/repository/com/jayway/restassured/xml-path/2.9.0/xml-path-2.9.0.jar, /Users/pramodsingh/.m2/repository/org/apache/commons/commons-lang3/3.3.2/commons-lang3-3.3.2.jar, /Users/pramodsingh/.m2/repository/com/networknt/json-schema-validator/1.0.42/json-schema-validator-1.0.42.jar, /Users/pramodsingh/.m2/repository/org/jruby/joni/joni/2.1.31/joni-2.1.31.jar, /Users/pramodsingh/.m2/repository/org/jruby/jcodings/jcodings/1.0.46/jcodings-1.0.46.jar, /Users/pramodsingh/.m2/repository/com/google/guava/guava/25.0-jre/guava-25.0-jre.jar, /Users/pramodsingh/.m2/repository/com/google/code/findbugs/jsr305/1.3.9/jsr305-1.3.9.jar, /Users/pramodsingh/.m2/repository/org/checkerframework/checker-compat-qual/2.0.0/checker-compat-qual-2.0.0.jar, /Users/pramodsingh/.m2/repository/com/google/errorprone/error_prone_annotations/2.1.3/error_prone_annotations-2.1.3.jar, /Users/pramodsingh/.m2/repository/com/google/j2objc/j2objc-annotations/1.1/j2objc-annotations-1.1.jar, /Users/pramodsingh/.m2/repository/org/codehaus/mojo/animal-sniffer-annotations/1.14/animal-sniffer-annotations-1.14.jar, /Users/pramodsingh/.m2/repository/org/testng/testng/6.14.3/testng-6.14.3.jar, /Users/pramodsingh/.m2/repository/com/beust/jcommander/1.72/jcommander-1.72.jar, /Users/pramodsingh/.m2/repository/org/apache-extras/beanshell/bsh/2.0b6/bsh-2.0b6.jar, /Users/pramodsingh/.m2/repository/org/uncommons/reportng/1.1.4/reportng-1.1.4.jar, /Users/pramodsingh/.m2/repository/velocity/velocity/1.4/velocity-1.4.jar, /Users/pramodsingh/.m2/repository/com/amazon/redshift/redshift-jdbc42/2.0.0.5/redshift-jdbc42-2.0.0.5.jar, /Users/pramodsingh/.m2/repository/org/yaml/snakeyaml/1.24/snakeyaml-1.24.jar, /Users/pramodsingh/.m2/repository/commons-io/commons-io/2.6/commons-io-2.6.jar, /Users/pramodsingh/.m2/repository/io/github/bonigarcia/webdrivermanager/5.0.3/webdrivermanager-5.0.3.jar, /Users/pramodsingh/.m2/repository/com/google/code/gson/gson/2.8.8/gson-2.8.8.jar, /Users/pramodsingh/.m2/repository/org/jsoup/jsoup/1.14.2/jsoup-1.14.2.jar, /Users/pramodsingh/.m2/repository/com/github/docker-java/docker-java/3.2.12/docker-java-3.2.12.jar, /Users/pramodsingh/.m2/repository/com/github/docker-java/docker-java-core/3.2.12/docker-java-core-3.2.12.jar, /Users/pramodsingh/.m2/repository/com/github/docker-java/docker-java-api/3.2.12/docker-java-api-3.2.12.jar, /Users/pramodsingh/.m2/repository/org/apache/commons/commons-compress/1.21/commons-compress-1.21.jar, /Users/pramodsingh/.m2/repository/org/bouncycastle/bcpkix-jdk15on/1.64/bcpkix-jdk15on-1.64.jar, /Users/pramodsingh/.m2/repository/org/bouncycastle/bcprov-jdk15on/1.64/bcprov-jdk15on-1.64.jar, /Users/pramodsingh/.m2/repository/org/slf4j/jcl-over-slf4j/1.7.30/jcl-over-slf4j-1.7.30.jar, /Users/pramodsingh/.m2/repository/com/github/docker-java/docker-java-transport-httpclient5/3.2.12/docker-java-transport-httpclient5-3.2.12.jar, /Users/pramodsingh/.m2/repository/com/github/docker-java/docker-java-transport/3.2.12/docker-java-transport-3.2.12.jar, /Users/pramodsingh/.m2/repository/org/apache/httpcomponents/client5/httpclient5/5.0.3/httpclient5-5.0.3.jar, /Users/pramodsingh/.m2/repository/org/apache/httpcomponents/core5/httpcore5/5.0.2/httpcore5-5.0.2.jar, /Users/pramodsingh/.m2/repository/net/java/dev/jna/jna/5.8.0/jna-5.8.0.jar, /Users/pramodsingh/.m2/repository/org/brotli/dec/0.1.2/dec-0.1.2.jar, /Users/pramodsingh/.m2/repository/com/squareup/okhttp3/logging-interceptor/4.9.0/logging-interceptor-4.9.0.jar, /Users/pramodsingh/.m2/repository/org/jetbrains/kotlin/kotlin-stdlib-jdk8/1.4.10/kotlin-stdlib-jdk8-1.4.10.jar, /Users/pramodsingh/.m2/repository/org/jetbrains/kotlin/kotlin-stdlib-jdk7/1.4.10/kotlin-stdlib-jdk7-1.4.10.jar, /Users/pramodsingh/.m2/repository/com/squareup/okhttp3/okhttp/4.9.1/okhttp-4.9.1.jar, /Users/pramodsingh/.m2/repository/com/squareup/okio/okio/2.8.0/okio-2.8.0.jar, /Users/pramodsingh/.m2/repository/org/jetbrains/kotlin/kotlin-stdlib/1.3.70/kotlin-stdlib-1.3.70.jar, /Users/pramodsingh/.m2/repository/org/jetbrains/kotlin/kotlin-stdlib-common/1.3.70/kotlin-stdlib-common-1.3.70.jar, /Users/pramodsingh/.m2/repository/org/jetbrains/annotations/13.0/annotations-13.0.jar, /Users/pramodsingh/.m2/repository/com/epam/healenium/healenium-web/3.1.6/healenium-web-3.1.6.jar, /Users/pramodsingh/.m2/repository/org/apache/maven/plugins/maven-surefire-plugin/3.0.0-M5/maven-surefire-plugin-3.0.0-M5.jar, /Users/pramodsingh/.m2/repository/org/apache/maven/surefire/maven-surefire-common/3.0.0-M5/maven-surefire-common-3.0.0-M5.jar, /Users/pramodsingh/.m2/repository/org/apache/maven/surefire/surefire-api/3.0.0-M5/surefire-api-3.0.0-M5.jar, /Users/pramodsingh/.m2/repository/org/apache/maven/surefire/surefire-logger-api/3.0.0-M5/surefire-logger-api-3.0.0-M5.jar, /Users/pramodsingh/.m2/repository/org/apache/maven/surefire/surefire-extensions-api/3.0.0-M5/surefire-extensions-api-3.0.0-M5.jar, /Users/pramodsingh/.m2/repository/org/apache/maven/surefire/surefire-booter/3.0.0-M5/surefire-booter-3.0.0-M5.jar, /Users/pramodsingh/.m2/repository/org/apache/maven/surefire/surefire-extensions-spi/3.0.0-M5/surefire-extensions-spi-3.0.0-M5.jar, /Users/pramodsingh/.m2/repository/org/apache/maven/maven-toolchain/3.0-alpha-2/maven-toolchain-3.0-alpha-2.jar, /Users/pramodsingh/.m2/repository/org/apache/maven/shared/maven-artifact-transfer/0.11.0/maven-artifact-transfer-0.11.0.jar, /Users/pramodsingh/.m2/repository/org/apache/maven/shared/maven-common-artifact-filters/3.0.1/maven-common-artifact-filters-3.0.1.jar, /Users/pramodsingh/.m2/repository/org/sonatype/sisu/sisu-inject-plexus/1.4.2/sisu-inject-plexus-1.4.2.jar, /Users/pramodsingh/.m2/repository/org/sonatype/sisu/sisu-inject-bean/1.4.2/sisu-inject-bean-1.4.2.jar, /Users/pramodsingh/.m2/repository/org/sonatype/sisu/sisu-guice/2.1.7/sisu-guice-2.1.7-noaop.jar, /Users/pramodsingh/.m2/repository/org/codehaus/plexus/plexus-java/1.0.5/plexus-java-1.0.5.jar, /Users/pramodsingh/.m2/repository/org/ow2/asm/asm/7.2/asm-7.2.jar, /Users/pramodsingh/.m2/repository/com/thoughtworks/qdox/qdox/2.0-M9/qdox-2.0-M9.jar, /Users/pramodsingh/.m2/repository/org/apache/maven/surefire/surefire-shared-utils/3.0.0-M4/surefire-shared-utils-3.0.0-M4.jar, /Users/pramodsingh/.m2/repository/org/apache/maven/maven-artifact/2.0.11/maven-artifact-2.0.11.jar, /Users/pramodsingh/.m2/repository/org/apache/maven/maven-compat/3.8.1/maven-compat-3.8.1.jar, /Users/pramodsingh/.m2/repository/org/apache/maven/maven-model/3.8.1/maven-model-3.8.1.jar, /Users/pramodsingh/.m2/repository/org/apache/maven/maven-model-builder/3.8.1/maven-model-builder-3.8.1.jar, /Users/pramodsingh/.m2/repository/javax/inject/javax.inject/1/javax.inject-1.jar, /Users/pramodsingh/.m2/repository/org/apache/maven/maven-builder-support/3.8.1/maven-builder-support-3.8.1.jar, /Users/pramodsingh/.m2/repository/org/eclipse/sisu/org.eclipse.sisu.inject/0.3.4/org.eclipse.sisu.inject-0.3.4.jar, /Users/pramodsingh/.m2/repository/org/apache/maven/maven-settings/3.8.1/maven-settings-3.8.1.jar, /Users/pramodsingh/.m2/repository/org/apache/maven/maven-settings-builder/3.8.1/maven-settings-builder-3.8.1.jar, /Users/pramodsingh/.m2/repository/org/sonatype/plexus/plexus-sec-dispatcher/1.4/plexus-sec-dispatcher-1.4.jar, /Users/pramodsingh/.m2/repository/org/sonatype/plexus/plexus-cipher/1.4/plexus-cipher-1.4.jar, /Users/pramodsingh/.m2/repository/org/apache/maven/maven-core/3.8.1/maven-core-3.8.1.jar, /Users/pramodsingh/.m2/repository/org/apache/maven/resolver/maven-resolver-spi/1.6.2/maven-resolver-spi-1.6.2.jar, /Users/pramodsingh/.m2/repository/org/apache/maven/shared/maven-shared-utils/3.2.1/maven-shared-utils-3.2.1.jar, /Users/pramodsingh/.m2/repository/com/google/inject/guice/4.2.1/guice-4.2.1-no_aop.jar, /Users/pramodsingh/.m2/repository/aopalliance/aopalliance/1.0/aopalliance-1.0.jar, /Users/pramodsingh/.m2/repository/org/apache/maven/maven-resolver-provider/3.8.1/maven-resolver-provider-3.8.1.jar, /Users/pramodsingh/.m2/repository/org/apache/maven/maven-repository-metadata/3.8.1/maven-repository-metadata-3.8.1.jar, /Users/pramodsingh/.m2/repository/org/apache/maven/resolver/maven-resolver-api/1.6.2/maven-resolver-api-1.6.2.jar, /Users/pramodsingh/.m2/repository/org/apache/maven/resolver/maven-resolver-util/1.6.2/maven-resolver-util-1.6.2.jar, /Users/pramodsingh/.m2/repository/org/apache/maven/resolver/maven-resolver-impl/1.6.2/maven-resolver-impl-1.6.2.jar, /Users/pramodsingh/.m2/repository/org/codehaus/plexus/plexus-interpolation/1.25/plexus-interpolation-1.25.jar, /Users/pramodsingh/.m2/repository/org/eclipse/sisu/org.eclipse.sisu.plexus/0.3.4/org.eclipse.sisu.plexus-0.3.4.jar, /Users/pramodsingh/.m2/repository/javax/enterprise/cdi-api/1.0/cdi-api-1.0.jar, /Users/pramodsingh/.m2/repository/javax/annotation/jsr250-api/1.0/jsr250-api-1.0.jar, /Users/pramodsingh/.m2/repository/org/codehaus/plexus/plexus-component-annotations/2.1.0/plexus-component-annotations-2.1.0.jar, /Users/pramodsingh/.m2/repository/org/apache/maven/wagon/wagon-provider-api/3.4.3/wagon-provider-api-3.4.3.jar, /Users/pramodsingh/.m2/repository/org/apache/maven/maven-plugin-api/3.8.1/maven-plugin-api-3.8.1.jar, /Users/pramodsingh/.m2/repository/org/codehaus/plexus/plexus-classworlds/2.6.0/plexus-classworlds-2.6.0.jar, /Users/pramodsingh/.m2/repository/com/typesafe/config/1.3.4/config-1.3.4.jar, /Users/pramodsingh/.m2/repository/com/epam/healenium/tree-comparing/0.4.10/tree-comparing-0.4.10.jar, /Users/pramodsingh/.m2/repository/commons-codec/commons-codec/1.12/commons-codec-1.12.jar, /Users/pramodsingh/.m2/repository/org/slf4j/slf4j-simple/1.7.30/slf4j-simple-1.7.30.jar, /Users/pramodsingh/.m2/repository/org/mapstruct/mapstruct/1.4.2.Final/mapstruct-1.4.2.Final.jar, /Users/pramodsingh/.m2/repository/org/projectlombok/lombok/1.18.20/lombok-1.18.20.jar, /Users/pramodsingh/.m2/repository/one/util/streamex/0.7.2/streamex-0.7.2.jar, /Users/pramodsingh/.m2/repository/org/mapstruct/mapstruct-processor/1.4.2.Final/mapstruct-processor-1.4.2.Final.jar, /Users/pramodsingh/.m2/repository/io/cucumber/cucumber-java8/4.2.3/cucumber-java8-4.2.3.jar, /Users/pramodsingh/.m2/repository/net/jodah/typetools/0.5.0/typetools-0.5.0.jar, /Users/pramodsingh/.m2/repository/io/cucumber/cucumber-java/4.2.3/cucumber-java-4.2.3.jar, /Users/pramodsingh/.m2/repository/io/cucumber/cucumber-core/4.2.3/cucumber-core-4.2.3.jar, /Users/pramodsingh/.m2/repository/io/cucumber/cucumber-html/0.2.7/cucumber-html-0.2.7.jar, /Users/pramodsingh/.m2/repository/io/cucumber/gherkin/5.1.0/gherkin-5.1.0.jar, /Users/pramodsingh/.m2/repository/io/cucumber/tag-expressions/1.1.1/tag-expressions-1.1.1.jar, /Users/pramodsingh/.m2/repository/io/cucumber/cucumber-expressions/6.2.0/cucumber-expressions-6.2.0.jar, /Users/pramodsingh/.m2/repository/io/cucumber/datatable/1.1.12/datatable-1.1.12.jar, /Users/pramodsingh/.m2/repository/io/cucumber/datatable-dependencies/1.1.12/datatable-dependencies-1.1.12.jar, /Users/pramodsingh/.m2/repository/org/python/jython-standalone/2.7.2/jython-standalone-2.7.2.jar, /Users/pramodsingh/.m2/repository/net/masterthought/cucumber-reporting/4.2.3/cucumber-reporting-4.2.3.jar, /Users/pramodsingh/.m2/repository/org/apache/velocity/velocity/1.7/velocity-1.7.jar, /Users/pramodsingh/.m2/repository/velocity-tools/velocity-tools/1.4/velocity-tools-1.4.jar, /Users/pramodsingh/.m2/repository/joda-time/joda-time/2.10.1/joda-time-2.10.1.jar, /Users/pramodsingh/.m2/repository/org/codehaus/plexus/plexus-utils/3.1.0/plexus-utils-3.1.0.jar, /Users/pramodsingh/.m2/repository/com/googlecode/owasp-java-html-sanitizer/owasp-java-html-sanitizer/20181114.1/owasp-java-html-sanitizer-20181114.1.jar, /Users/pramodsingh/.m2/repository/commons-configuration/commons-configuration/1.10/commons-configuration-1.10.jar, /Users/pramodsingh/.m2/repository/io/cucumber/cucumber-testng/4.2.3/cucumber-testng-4.2.3.jar, /Users/pramodsingh/.m2/repository/com/fasterxml/jackson/core/jackson-core/2.6.3/jackson-core-2.6.3.jar, /Users/pramodsingh/.m2/repository/com/fasterxml/jackson/core/jackson-databind/2.6.3/jackson-databind-2.6.3.jar, /Users/pramodsingh/.m2/repository/com/fasterxml/jackson/datatype/jackson-datatype-joda/2.6.3/jackson-datatype-joda-2.6.3.jar, /Users/pramodsingh/.m2/repository/io/rest-assured/rest-assured/3.0.0/rest-assured-3.0.0.jar, /Users/pramodsingh/.m2/repository/io/rest-assured/json-path/3.0.0/json-path-3.0.0.jar, /Users/pramodsingh/.m2/repository/io/rest-assured/rest-assured-common/3.0.0/rest-assured-common-3.0.0.jar, /Users/pramodsingh/.m2/repository/io/rest-assured/xml-path/3.0.0/xml-path-3.0.0.jar, /Users/pramodsingh/.m2/repository/com/opera/operadriver/1.5/operadriver-1.5.jar, /Users/pramodsingh/.m2/repository/com/opera/operalaunchers/1.1/operalaunchers-1.1.jar, /Users/pramodsingh/.m2/repository/com/google/protobuf/protobuf-java/2.4.1/protobuf-java-2.4.1.jar, /Users/pramodsingh/.m2/repository/commons-jxpath/commons-jxpath/1.3/commons-jxpath-1.3.jar, /Users/pramodsingh/.m2/repository/org/ini4j/ini4j/0.5.2/ini4j-0.5.2.jar, /Users/pramodsingh/.m2/repository/org/codehaus/jackson/jackson-mapper-asl/1.5.0/jackson-mapper-asl-1.5.0.jar, /Users/pramodsingh/.m2/repository/org/codehaus/jackson/jackson-core-asl/1.5.0/jackson-core-asl-1.5.0.jar, /Users/pramodsingh/.m2/repository/org/seleniumhq/selenium/selenium-chrome-driver/3.141.59/selenium-chrome-driver-3.141.59.jar, /Users/pramodsingh/.m2/repository/org/seleniumhq/selenium/selenium-remote-driver/3.141.59/selenium-remote-driver-3.141.59.jar, /Users/pramodsingh/.m2/repository/net/bytebuddy/byte-buddy/1.8.15/byte-buddy-1.8.15.jar, /Users/pramodsingh/.m2/repository/org/seleniumhq/selenium/selenium-support/3.141.59/selenium-support-3.141.59.jar, /Users/pramodsingh/.m2/repository/org/seleniumhq/selenium/selenium-api/3.141.59/selenium-api-3.141.59.jar, /Users/pramodsingh/.m2/repository/org/seleniumhq/selenium/htmlunit-driver/2.20/htmlunit-driver-2.20.jar, /Users/pramodsingh/.m2/repository/net/sourceforge/htmlunit/htmlunit/2.20/htmlunit-2.20.jar, /Users/pramodsingh/.m2/repository/net/sourceforge/nekohtml/nekohtml/1.9.22/nekohtml-1.9.22.jar, /Users/pramodsingh/.m2/repository/net/sourceforge/cssparser/cssparser/0.9.18/cssparser-0.9.18.jar, /Users/pramodsingh/.m2/repository/org/w3c/css/sac/1.3/sac-1.3.jar, /Users/pramodsingh/.m2/repository/commons-collections/commons-collections/3.2.2/commons-collections-3.2.2.jar, /Users/pramodsingh/.m2/repository/org/seleniumhq/selenium/selenium-java/3.14.0/selenium-java-3.14.0.jar, /Users/pramodsingh/.m2/repository/org/seleniumhq/selenium/selenium-edge-driver/3.14.0/selenium-edge-driver-3.14.0.jar, /Users/pramodsingh/.m2/repository/org/seleniumhq/selenium/selenium-firefox-driver/3.14.0/selenium-firefox-driver-3.14.0.jar, /Users/pramodsingh/.m2/repository/org/seleniumhq/selenium/selenium-ie-driver/3.14.0/selenium-ie-driver-3.14.0.jar, /Users/pramodsingh/.m2/repository/org/seleniumhq/selenium/selenium-opera-driver/3.14.0/selenium-opera-driver-3.14.0.jar, /Users/pramodsingh/.m2/repository/org/seleniumhq/selenium/selenium-safari-driver/3.14.0/selenium-safari-driver-3.14.0.jar, /Users/pramodsingh/.m2/repository/commons-logging/commons-logging/1.2/commons-logging-1.2.jar, /Users/pramodsingh/.m2/repository/org/apache/httpcomponents/httpcore/4.4.9/httpcore-4.4.9.jar, /Users/pramodsingh/.m2/repository/org/seleniumhq/selenium/selenium-server/3.14.0/selenium-server-3.14.0.jar, /Users/pramodsingh/.m2/repository/org/apache/commons/commons-text/1.1/commons-text-1.1.jar, /Users/pramodsingh/.m2/repository/commons-net/commons-net/3.6/commons-net-3.6.jar, /Users/pramodsingh/.m2/repository/net/sourceforge/htmlunit/htmlunit-core-js/2.28/htmlunit-core-js-2.28.jar, /Users/pramodsingh/.m2/repository/net/sourceforge/htmlunit/htmlunit-cssparser/1.0.0/htmlunit-cssparser-1.0.0.jar, /Users/pramodsingh/.m2/repository/net/sourceforge/htmlunit/neko-htmlunit/2.30/neko-htmlunit-2.30.jar, /Users/pramodsingh/.m2/repository/net/jcip/jcip-annotations/1.0/jcip-annotations-1.0.jar, /Users/pramodsingh/.m2/repository/org/seleniumhq/selenium/jetty-repacked/9.4.8.v20180619/jetty-repacked-9.4.8.v20180619.jar, /Users/pramodsingh/.m2/repository/org/eclipse/jetty/jetty-client/9.4.8.v20180619/jetty-client-9.4.8.v20180619.jar, /Users/pramodsingh/.m2/repository/org/eclipse/jetty/jetty-http/9.4.8.v20180619/jetty-http-9.4.8.v20180619.jar, /Users/pramodsingh/.m2/repository/org/eclipse/jetty/jetty-io/9.4.8.v20180619/jetty-io-9.4.8.v20180619.jar, /Users/pramodsingh/.m2/repository/org/eclipse/jetty/jetty-util/9.4.8.v20180619/jetty-util-9.4.8.v20180619.jar, /Users/pramodsingh/.m2/repository/org/eclipse/jetty/jetty-xml/9.4.8.v20180619/jetty-xml-9.4.8.v20180619.jar, /Users/pramodsingh/.m2/repository/javax/servlet/javax.servlet-api/3.1.0/javax.servlet-api-3.1.0.jar, /Users/pramodsingh/.m2/repository/org/eclipse/jetty/websocket/websocket-api/9.4.8.v20180619/websocket-api-9.4.8.v20180619.jar, /Users/pramodsingh/.m2/repository/org/eclipse/jetty/websocket/websocket-client/9.4.8.v20180619/websocket-client-9.4.8.v20180619.jar, /Users/pramodsingh/.m2/repository/org/eclipse/jetty/websocket/websocket-common/9.4.8.v20180619/websocket-common-9.4.8.v20180619.jar, /Users/pramodsingh/.m2/repository/xalan/serializer/2.7.2/serializer-2.7.2.jar, /Users/pramodsingh/.m2/repository/xalan/xalan/2.7.2/xalan-2.7.2.jar, /Users/pramodsingh/.m2/repository/xerces/xercesImpl/2.11.0/xercesImpl-2.11.0.jar, /Users/pramodsingh/.m2/repository/xml-apis/xml-apis/1.4.01/xml-apis-1.4.01.jar, /Users/pramodsingh/.m2/repository/org/apache/commons/commons-exec/1.3/commons-exec-1.3.jar, /Users/pramodsingh/.m2/repository/commons-lang/commons-lang/2.6/commons-lang-2.6.jar, /Users/pramodsingh/.m2/repository/mysql/mysql-connector-java/5.1.6/mysql-connector-java-5.1.6.jar, /Users/pramodsingh/.m2/repository/org/apache/poi/poi-ooxml/3.17/poi-ooxml-3.17.jar, /Users/pramodsingh/.m2/repository/org/apache/poi/poi-ooxml-schemas/3.17/poi-ooxml-schemas-3.17.jar, /Users/pramodsingh/.m2/repository/org/apache/xmlbeans/xmlbeans/2.6.0/xmlbeans-2.6.0.jar, /Users/pramodsingh/.m2/repository/stax/stax-api/1.0.1/stax-api-1.0.1.jar, /Users/pramodsingh/.m2/repository/com/github/virtuald/curvesapi/1.04/curvesapi-1.04.jar, /Users/pramodsingh/.m2/repository/org/apache/poi/poi/3.17/poi-3.17.jar, /Users/pramodsingh/.m2/repository/org/apache/commons/commons-collections4/4.1/commons-collections4-4.1.jar, /Users/pramodsingh/.m2/repository/io/appium/java-client/4.1.2/java-client-4.1.2.jar, /Users/pramodsingh/.m2/repository/commons-validator/commons-validator/1.5.1/commons-validator-1.5.1.jar, /Users/pramodsingh/.m2/repository/commons-digester/commons-digester/1.8.1/commons-digester-1.8.1.jar, /Users/pramodsingh/.m2/repository/cglib/cglib-nodep/3.2.4/cglib-nodep-3.2.4.jar, /Users/pramodsingh/.m2/repository/org/springframework/spring-context/4.3.2.RELEASE/spring-context-4.3.2.RELEASE.jar, /Users/pramodsingh/.m2/repository/org/springframework/spring-aop/4.3.2.RELEASE/spring-aop-4.3.2.RELEASE.jar, /Users/pramodsingh/.m2/repository/org/springframework/spring-beans/4.3.2.RELEASE/spring-beans-4.3.2.RELEASE.jar, /Users/pramodsingh/.m2/repository/org/springframework/spring-core/4.3.2.RELEASE/spring-core-4.3.2.RELEASE.jar, /Users/pramodsingh/.m2/repository/org/springframework/spring-expression/4.3.2.RELEASE/spring-expression-4.3.2.RELEASE.jar, /Users/pramodsingh/.m2/repository/org/aspectj/aspectjweaver/1.8.9/aspectjweaver-1.8.9.jar, /Users/pramodsingh/.m2/repository/org/postgresql/postgresql/9.4-1206-jdbc42/postgresql-9.4-1206-jdbc42.jar, /Users/pramodsingh/.m2/repository/com/googlecode/json-simple/json-simple/1.1/json-simple-1.1.jar, /Users/pramodsingh/.m2/repository/org/apache/pdfbox/pdfbox/1.8.1/pdfbox-1.8.1.jar, /Users/pramodsingh/.m2/repository/org/apache/pdfbox/fontbox/1.8.1/fontbox-1.8.1.jar, /Users/pramodsingh/.m2/repository/org/apache/pdfbox/jempbox/1.8.1/jempbox-1.8.1.jar, /Users/pramodsingh/.m2/repository/org/mongodb/mongodb-driver/3.2.2/mongodb-driver-3.2.2.jar, /Users/pramodsingh/.m2/repository/org/mongodb/mongodb-driver-core/3.2.2/mongodb-driver-core-3.2.2.jar, /Users/pramodsingh/.m2/repository/org/mongodb/bson/3.2.2/bson-3.2.2.jar, /Users/pramodsingh/.m2/repository/org/json/json/20180813/json-20180813.jar, /Users/pramodsingh/.m2/repository/com/jcraft/jsch/0.1.53/jsch-0.1.53.jar, /Users/pramodsingh/.m2/repository/io/github/sukgu/automation/0.0.12/automation-0.0.12.jar, /Users/pramodsingh/.m2/repository/org/assertj/assertj-core/3.11.1/assertj-core-3.11.1.jar, /Users/pramodsingh/.m2/repository/org/slf4j/slf4j-api/1.7.5/slf4j-api-1.7.5.jar, /Users/pramodsingh/.m2/repository/org/jboss/aerogear/aerogear-otp-java/1.0.0/aerogear-otp-java-1.0.0.jar, /Users/pramodsingh/.m2/repository/io/cucumber/cucumber-picocontainer/4.2.3/cucumber-picocontainer-4.2.3.jar, /Users/pramodsingh/.m2/repository/org/picocontainer/picocontainer/2.15/picocontainer-2.15.jar, /Users/pramodsingh/.m2/repository/com/opencsv/opencsv/5.6/opencsv-5.6.jar, /Users/pramodsingh/.m2/repository/commons-beanutils/commons-beanutils/1.9.4/commons-beanutils-1.9.4.jar, /Users/pramodsingh/.m2/repository/com/aventstack/extentreports/3.1.5/extentreports-3.1.5.jar, /Users/pramodsingh/.m2/repository/org/freemarker/freemarker/2.3.23/freemarker-2.3.23.jar, /Users/pramodsingh/.m2/repository/ru/yandex/qatools/allure/allure-java-annotations/1.5.4/allure-java-annotations-1.5.4.jar, /Users/pramodsingh/.m2/repository/ru/yandex/qatools/allure/allure-model/1.5.4/allure-model-1.5.4.jar, /Users/pramodsingh/.m2/repository/org/jvnet/jaxb2_commons/jaxb2-basics-runtime/0.9.3/jaxb2-basics-runtime-0.9.3.jar, /Users/pramodsingh/.m2/repository/ru/qatools/commons/properties/2.0.RC5/properties-2.0.RC5.jar]
[DEBUG]   (f) compileSourceRoots = [/Users/pramodsingh/Desktop/automation/automationutils/src/test/java]
[DEBUG]   (f) compilerId = javac
[DEBUG]   (f) debug = true
[DEBUG]   (f) encoding = UTF-8
[DEBUG]   (f) failOnError = true
[DEBUG]   (f) failOnWarning = false
[DEBUG]   (f) forceJavacCompilerUse = false
[DEBUG]   (f) fork = false
[DEBUG]   (f) generatedTestSourcesDirectory = /Users/pramodsingh/Desktop/automation/automationutils/target/generated-test-sources/test-annotations
[DEBUG]   (f) mojoExecution = org.apache.maven.plugins:maven-compiler-plugin:3.8.0:testCompile {execution: default-testCompile}
[DEBUG]   (f) optimize = false
[DEBUG]   (f) outputDirectory = /Users/pramodsingh/Desktop/automation/automationutils/target/test-classes
[DEBUG]   (f) parameters = false
[DEBUG]   (f) project = MavenProject: com.pksautomation.automationutils:AutomationUtils:0.0.1-SNAPSHOT @ /Users/pramodsingh/Desktop/automation/automationutils/pom.xml
[DEBUG]   (f) session = org.apache.maven.execution.MavenSession@2d9f64c9
[DEBUG]   (f) showDeprecation = false
[DEBUG]   (f) showWarnings = false
[DEBUG]   (f) skipMultiThreadWarning = false
[DEBUG]   (f) source = 1.8
[DEBUG]   (f) staleMillis = 0
[DEBUG]   (s) target = 1.8
[DEBUG]   (f) testPath = [/Users/pramodsingh/Desktop/automation/automationutils/target/test-classes, /Users/pramodsingh/Desktop/automation/automationutils/target/classes, /Users/pramodsingh/.m2/repository/com/fasterxml/jackson/core/jackson-annotations/2.8.8/jackson-annotations-2.8.8.jar, /Users/pramodsingh/.m2/repository/com/jayway/restassured/rest-assured/2.9.0/rest-assured-2.9.0.jar, /Users/pramodsingh/.m2/repository/org/codehaus/groovy/groovy/2.4.4/groovy-2.4.4.jar, /Users/pramodsingh/.m2/repository/org/codehaus/groovy/groovy-xml/2.4.4/groovy-xml-2.4.4.jar, /Users/pramodsingh/.m2/repository/org/apache/httpcomponents/httpclient/4.5.1/httpclient-4.5.1.jar, /Users/pramodsingh/.m2/repository/org/apache/httpcomponents/httpmime/4.5.1/httpmime-4.5.1.jar, /Users/pramodsingh/.m2/repository/org/hamcrest/hamcrest-core/1.3/hamcrest-core-1.3.jar, /Users/pramodsingh/.m2/repository/org/hamcrest/hamcrest-library/1.3/hamcrest-library-1.3.jar, /Users/pramodsingh/.m2/repository/org/ccil/cowan/tagsoup/tagsoup/1.2.1/tagsoup-1.2.1.jar, /Users/pramodsingh/.m2/repository/com/jayway/restassured/json-path/2.9.0/json-path-2.9.0.jar, /Users/pramodsingh/.m2/repository/org/codehaus/groovy/groovy-json/2.4.4/groovy-json-2.4.4.jar, /Users/pramodsingh/.m2/repository/com/jayway/restassured/rest-assured-common/2.9.0/rest-assured-common-2.9.0.jar, /Users/pramodsingh/.m2/repository/com/jayway/restassured/xml-path/2.9.0/xml-path-2.9.0.jar, /Users/pramodsingh/.m2/repository/org/apache/commons/commons-lang3/3.3.2/commons-lang3-3.3.2.jar, /Users/pramodsingh/.m2/repository/com/networknt/json-schema-validator/1.0.42/json-schema-validator-1.0.42.jar, /Users/pramodsingh/.m2/repository/org/jruby/joni/joni/2.1.31/joni-2.1.31.jar, /Users/pramodsingh/.m2/repository/org/jruby/jcodings/jcodings/1.0.46/jcodings-1.0.46.jar, /Users/pramodsingh/.m2/repository/com/google/guava/guava/25.0-jre/guava-25.0-jre.jar, /Users/pramodsingh/.m2/repository/com/google/code/findbugs/jsr305/1.3.9/jsr305-1.3.9.jar, /Users/pramodsingh/.m2/repository/org/checkerframework/checker-compat-qual/2.0.0/checker-compat-qual-2.0.0.jar, /Users/pramodsingh/.m2/repository/com/google/errorprone/error_prone_annotations/2.1.3/error_prone_annotations-2.1.3.jar, /Users/pramodsingh/.m2/repository/com/google/j2objc/j2objc-annotations/1.1/j2objc-annotations-1.1.jar, /Users/pramodsingh/.m2/repository/org/codehaus/mojo/animal-sniffer-annotations/1.14/animal-sniffer-annotations-1.14.jar, /Users/pramodsingh/.m2/repository/org/testng/testng/6.14.3/testng-6.14.3.jar, /Users/pramodsingh/.m2/repository/com/beust/jcommander/1.72/jcommander-1.72.jar, /Users/pramodsingh/.m2/repository/org/apache-extras/beanshell/bsh/2.0b6/bsh-2.0b6.jar, /Users/pramodsingh/.m2/repository/org/uncommons/reportng/1.1.4/reportng-1.1.4.jar, /Users/pramodsingh/.m2/repository/velocity/velocity/1.4/velocity-1.4.jar, /Users/pramodsingh/.m2/repository/velocity/velocity-dep/1.4/velocity-dep-1.4.jar, /Users/pramodsingh/.m2/repository/com/amazon/redshift/redshift-jdbc42/2.0.0.5/redshift-jdbc42-2.0.0.5.jar, /Users/pramodsingh/.m2/repository/org/yaml/snakeyaml/1.24/snakeyaml-1.24.jar, /Users/pramodsingh/.m2/repository/commons-io/commons-io/2.6/commons-io-2.6.jar, /Users/pramodsingh/.m2/repository/io/github/bonigarcia/webdrivermanager/5.0.3/webdrivermanager-5.0.3.jar, /Users/pramodsingh/.m2/repository/com/google/code/gson/gson/2.8.8/gson-2.8.8.jar, /Users/pramodsingh/.m2/repository/org/jsoup/jsoup/1.14.2/jsoup-1.14.2.jar, /Users/pramodsingh/.m2/repository/com/github/docker-java/docker-java/3.2.12/docker-java-3.2.12.jar, /Users/pramodsingh/.m2/repository/com/github/docker-java/docker-java-core/3.2.12/docker-java-core-3.2.12.jar, /Users/pramodsingh/.m2/repository/com/github/docker-java/docker-java-api/3.2.12/docker-java-api-3.2.12.jar, /Users/pramodsingh/.m2/repository/org/apache/commons/commons-compress/1.21/commons-compress-1.21.jar, /Users/pramodsingh/.m2/repository/org/bouncycastle/bcpkix-jdk15on/1.64/bcpkix-jdk15on-1.64.jar, /Users/pramodsingh/.m2/repository/org/bouncycastle/bcprov-jdk15on/1.64/bcprov-jdk15on-1.64.jar, /Users/pramodsingh/.m2/repository/org/slf4j/jcl-over-slf4j/1.7.30/jcl-over-slf4j-1.7.30.jar, /Users/pramodsingh/.m2/repository/com/github/docker-java/docker-java-transport-httpclient5/3.2.12/docker-java-transport-httpclient5-3.2.12.jar, /Users/pramodsingh/.m2/repository/com/github/docker-java/docker-java-transport/3.2.12/docker-java-transport-3.2.12.jar, /Users/pramodsingh/.m2/repository/org/apache/httpcomponents/client5/httpclient5/5.0.3/httpclient5-5.0.3.jar, /Users/pramodsingh/.m2/repository/org/apache/httpcomponents/core5/httpcore5/5.0.2/httpcore5-5.0.2.jar, /Users/pramodsingh/.m2/repository/net/java/dev/jna/jna/5.8.0/jna-5.8.0.jar, /Users/pramodsingh/.m2/repository/org/brotli/dec/0.1.2/dec-0.1.2.jar, /Users/pramodsingh/.m2/repository/com/squareup/okhttp3/logging-interceptor/4.9.0/logging-interceptor-4.9.0.jar, /Users/pramodsingh/.m2/repository/org/jetbrains/kotlin/kotlin-stdlib-jdk8/1.4.10/kotlin-stdlib-jdk8-1.4.10.jar, /Users/pramodsingh/.m2/repository/org/jetbrains/kotlin/kotlin-stdlib-jdk7/1.4.10/kotlin-stdlib-jdk7-1.4.10.jar, /Users/pramodsingh/.m2/repository/com/squareup/okhttp3/okhttp/4.9.1/okhttp-4.9.1.jar, /Users/pramodsingh/.m2/repository/com/squareup/okio/okio/2.8.0/okio-2.8.0.jar, /Users/pramodsingh/.m2/repository/org/jetbrains/kotlin/kotlin-stdlib/1.3.70/kotlin-stdlib-1.3.70.jar, /Users/pramodsingh/.m2/repository/org/jetbrains/kotlin/kotlin-stdlib-common/1.3.70/kotlin-stdlib-common-1.3.70.jar, /Users/pramodsingh/.m2/repository/org/jetbrains/annotations/13.0/annotations-13.0.jar, /Users/pramodsingh/.m2/repository/com/epam/healenium/healenium-web/3.1.6/healenium-web-3.1.6.jar, /Users/pramodsingh/.m2/repository/org/apache/maven/plugins/maven-surefire-plugin/3.0.0-M5/maven-surefire-plugin-3.0.0-M5.jar, /Users/pramodsingh/.m2/repository/org/apache/maven/surefire/maven-surefire-common/3.0.0-M5/maven-surefire-common-3.0.0-M5.jar, /Users/pramodsingh/.m2/repository/org/apache/maven/surefire/surefire-api/3.0.0-M5/surefire-api-3.0.0-M5.jar, /Users/pramodsingh/.m2/repository/org/apache/maven/surefire/surefire-logger-api/3.0.0-M5/surefire-logger-api-3.0.0-M5.jar, /Users/pramodsingh/.m2/repository/org/apache/maven/surefire/surefire-extensions-api/3.0.0-M5/surefire-extensions-api-3.0.0-M5.jar, /Users/pramodsingh/.m2/repository/org/apache/maven/surefire/surefire-booter/3.0.0-M5/surefire-booter-3.0.0-M5.jar, /Users/pramodsingh/.m2/repository/org/apache/maven/surefire/surefire-extensions-spi/3.0.0-M5/surefire-extensions-spi-3.0.0-M5.jar, /Users/pramodsingh/.m2/repository/org/apache/maven/maven-toolchain/3.0-alpha-2/maven-toolchain-3.0-alpha-2.jar, /Users/pramodsingh/.m2/repository/org/apache/maven/shared/maven-artifact-transfer/0.11.0/maven-artifact-transfer-0.11.0.jar, /Users/pramodsingh/.m2/repository/org/apache/maven/shared/maven-common-artifact-filters/3.0.1/maven-common-artifact-filters-3.0.1.jar, /Users/pramodsingh/.m2/repository/org/sonatype/sisu/sisu-inject-plexus/1.4.2/sisu-inject-plexus-1.4.2.jar, /Users/pramodsingh/.m2/repository/org/sonatype/sisu/sisu-inject-bean/1.4.2/sisu-inject-bean-1.4.2.jar, /Users/pramodsingh/.m2/repository/org/sonatype/sisu/sisu-guice/2.1.7/sisu-guice-2.1.7-noaop.jar, /Users/pramodsingh/.m2/repository/org/codehaus/plexus/plexus-java/1.0.5/plexus-java-1.0.5.jar, /Users/pramodsingh/.m2/repository/org/ow2/asm/asm/7.2/asm-7.2.jar, /Users/pramodsingh/.m2/repository/com/thoughtworks/qdox/qdox/2.0-M9/qdox-2.0-M9.jar, /Users/pramodsingh/.m2/repository/org/apache/maven/surefire/surefire-shared-utils/3.0.0-M4/surefire-shared-utils-3.0.0-M4.jar, /Users/pramodsingh/.m2/repository/org/apache/maven/maven-artifact/2.0.11/maven-artifact-2.0.11.jar, /Users/pramodsingh/.m2/repository/org/apache/maven/maven-compat/3.8.1/maven-compat-3.8.1.jar, /Users/pramodsingh/.m2/repository/org/apache/maven/maven-model/3.8.1/maven-model-3.8.1.jar, /Users/pramodsingh/.m2/repository/org/apache/maven/maven-model-builder/3.8.1/maven-model-builder-3.8.1.jar, /Users/pramodsingh/.m2/repository/javax/inject/javax.inject/1/javax.inject-1.jar, /Users/pramodsingh/.m2/repository/org/apache/maven/maven-builder-support/3.8.1/maven-builder-support-3.8.1.jar, /Users/pramodsingh/.m2/repository/org/eclipse/sisu/org.eclipse.sisu.inject/0.3.4/org.eclipse.sisu.inject-0.3.4.jar, /Users/pramodsingh/.m2/repository/org/apache/maven/maven-settings/3.8.1/maven-settings-3.8.1.jar, /Users/pramodsingh/.m2/repository/org/apache/maven/maven-settings-builder/3.8.1/maven-settings-builder-3.8.1.jar, /Users/pramodsingh/.m2/repository/org/sonatype/plexus/plexus-sec-dispatcher/1.4/plexus-sec-dispatcher-1.4.jar, /Users/pramodsingh/.m2/repository/org/sonatype/plexus/plexus-cipher/1.4/plexus-cipher-1.4.jar, /Users/pramodsingh/.m2/repository/org/apache/maven/maven-core/3.8.1/maven-core-3.8.1.jar, /Users/pramodsingh/.m2/repository/org/apache/maven/resolver/maven-resolver-spi/1.6.2/maven-resolver-spi-1.6.2.jar, /Users/pramodsingh/.m2/repository/org/apache/maven/shared/maven-shared-utils/3.2.1/maven-shared-utils-3.2.1.jar, /Users/pramodsingh/.m2/repository/com/google/inject/guice/4.2.1/guice-4.2.1-no_aop.jar, /Users/pramodsingh/.m2/repository/aopalliance/aopalliance/1.0/aopalliance-1.0.jar, /Users/pramodsingh/.m2/repository/org/apache/maven/maven-resolver-provider/3.8.1/maven-resolver-provider-3.8.1.jar, /Users/pramodsingh/.m2/repository/org/apache/maven/maven-repository-metadata/3.8.1/maven-repository-metadata-3.8.1.jar, /Users/pramodsingh/.m2/repository/org/apache/maven/resolver/maven-resolver-api/1.6.2/maven-resolver-api-1.6.2.jar, /Users/pramodsingh/.m2/repository/org/apache/maven/resolver/maven-resolver-util/1.6.2/maven-resolver-util-1.6.2.jar, /Users/pramodsingh/.m2/repository/org/apache/maven/resolver/maven-resolver-impl/1.6.2/maven-resolver-impl-1.6.2.jar, /Users/pramodsingh/.m2/repository/org/codehaus/plexus/plexus-interpolation/1.25/plexus-interpolation-1.25.jar, /Users/pramodsingh/.m2/repository/org/eclipse/sisu/org.eclipse.sisu.plexus/0.3.4/org.eclipse.sisu.plexus-0.3.4.jar, /Users/pramodsingh/.m2/repository/javax/enterprise/cdi-api/1.0/cdi-api-1.0.jar, /Users/pramodsingh/.m2/repository/javax/annotation/jsr250-api/1.0/jsr250-api-1.0.jar, /Users/pramodsingh/.m2/repository/org/codehaus/plexus/plexus-component-annotations/2.1.0/plexus-component-annotations-2.1.0.jar, /Users/pramodsingh/.m2/repository/org/apache/maven/wagon/wagon-provider-api/3.4.3/wagon-provider-api-3.4.3.jar, /Users/pramodsingh/.m2/repository/org/apache/maven/maven-plugin-api/3.8.1/maven-plugin-api-3.8.1.jar, /Users/pramodsingh/.m2/repository/org/codehaus/plexus/plexus-classworlds/2.6.0/plexus-classworlds-2.6.0.jar, /Users/pramodsingh/.m2/repository/com/typesafe/config/1.3.4/config-1.3.4.jar, /Users/pramodsingh/.m2/repository/com/epam/healenium/tree-comparing/0.4.10/tree-comparing-0.4.10.jar, /Users/pramodsingh/.m2/repository/commons-codec/commons-codec/1.12/commons-codec-1.12.jar, /Users/pramodsingh/.m2/repository/org/slf4j/slf4j-simple/1.7.30/slf4j-simple-1.7.30.jar, /Users/pramodsingh/.m2/repository/org/mapstruct/mapstruct/1.4.2.Final/mapstruct-1.4.2.Final.jar, /Users/pramodsingh/.m2/repository/org/projectlombok/lombok/1.18.20/lombok-1.18.20.jar, /Users/pramodsingh/.m2/repository/one/util/streamex/0.7.2/streamex-0.7.2.jar, /Users/pramodsingh/.m2/repository/org/mapstruct/mapstruct-processor/1.4.2.Final/mapstruct-processor-1.4.2.Final.jar, /Users/pramodsingh/.m2/repository/io/cucumber/cucumber-java8/4.2.3/cucumber-java8-4.2.3.jar, /Users/pramodsingh/.m2/repository/net/jodah/typetools/0.5.0/typetools-0.5.0.jar, /Users/pramodsingh/.m2/repository/io/cucumber/cucumber-java/4.2.3/cucumber-java-4.2.3.jar, /Users/pramodsingh/.m2/repository/io/cucumber/cucumber-core/4.2.3/cucumber-core-4.2.3.jar, /Users/pramodsingh/.m2/repository/io/cucumber/cucumber-html/0.2.7/cucumber-html-0.2.7.jar, /Users/pramodsingh/.m2/repository/io/cucumber/gherkin/5.1.0/gherkin-5.1.0.jar, /Users/pramodsingh/.m2/repository/io/cucumber/tag-expressions/1.1.1/tag-expressions-1.1.1.jar, /Users/pramodsingh/.m2/repository/io/cucumber/cucumber-expressions/6.2.0/cucumber-expressions-6.2.0.jar, /Users/pramodsingh/.m2/repository/io/cucumber/datatable/1.1.12/datatable-1.1.12.jar, /Users/pramodsingh/.m2/repository/io/cucumber/datatable-dependencies/1.1.12/datatable-dependencies-1.1.12.jar, /Users/pramodsingh/.m2/repository/org/python/jython-standalone/2.7.2/jython-standalone-2.7.2.jar, /Users/pramodsingh/.m2/repository/net/masterthought/cucumber-reporting/4.2.3/cucumber-reporting-4.2.3.jar, /Users/pramodsingh/.m2/repository/org/apache/velocity/velocity/1.7/velocity-1.7.jar, /Users/pramodsingh/.m2/repository/velocity-tools/velocity-tools/1.4/velocity-tools-1.4.jar, /Users/pramodsingh/.m2/repository/joda-time/joda-time/2.10.1/joda-time-2.10.1.jar, /Users/pramodsingh/.m2/repository/org/codehaus/plexus/plexus-utils/3.1.0/plexus-utils-3.1.0.jar, /Users/pramodsingh/.m2/repository/com/googlecode/owasp-java-html-sanitizer/owasp-java-html-sanitizer/20181114.1/owasp-java-html-sanitizer-20181114.1.jar, /Users/pramodsingh/.m2/repository/commons-configuration/commons-configuration/1.10/commons-configuration-1.10.jar, /Users/pramodsingh/.m2/repository/io/cucumber/cucumber-testng/4.2.3/cucumber-testng-4.2.3.jar, /Users/pramodsingh/.m2/repository/com/fasterxml/jackson/core/jackson-core/2.6.3/jackson-core-2.6.3.jar, /Users/pramodsingh/.m2/repository/com/fasterxml/jackson/core/jackson-databind/2.6.3/jackson-databind-2.6.3.jar, /Users/pramodsingh/.m2/repository/com/fasterxml/jackson/datatype/jackson-datatype-joda/2.6.3/jackson-datatype-joda-2.6.3.jar, /Users/pramodsingh/.m2/repository/io/rest-assured/rest-assured/3.0.0/rest-assured-3.0.0.jar, /Users/pramodsingh/.m2/repository/io/rest-assured/json-path/3.0.0/json-path-3.0.0.jar, /Users/pramodsingh/.m2/repository/io/rest-assured/rest-assured-common/3.0.0/rest-assured-common-3.0.0.jar, /Users/pramodsingh/.m2/repository/io/rest-assured/xml-path/3.0.0/xml-path-3.0.0.jar, /Users/pramodsingh/.m2/repository/com/opera/operadriver/1.5/operadriver-1.5.jar, /Users/pramodsingh/.m2/repository/com/opera/operalaunchers/1.1/operalaunchers-1.1.jar, /Users/pramodsingh/.m2/repository/com/google/protobuf/protobuf-java/2.4.1/protobuf-java-2.4.1.jar, /Users/pramodsingh/.m2/repository/commons-jxpath/commons-jxpath/1.3/commons-jxpath-1.3.jar, /Users/pramodsingh/.m2/repository/org/ini4j/ini4j/0.5.2/ini4j-0.5.2.jar, /Users/pramodsingh/.m2/repository/org/codehaus/jackson/jackson-mapper-asl/1.5.0/jackson-mapper-asl-1.5.0.jar, /Users/pramodsingh/.m2/repository/org/codehaus/jackson/jackson-core-asl/1.5.0/jackson-core-asl-1.5.0.jar, /Users/pramodsingh/.m2/repository/junit/junit/3.8.1/junit-3.8.1.jar, /Users/pramodsingh/.m2/repository/org/seleniumhq/selenium/selenium-chrome-driver/3.141.59/selenium-chrome-driver-3.141.59.jar, /Users/pramodsingh/.m2/repository/org/seleniumhq/selenium/selenium-remote-driver/3.141.59/selenium-remote-driver-3.141.59.jar, /Users/pramodsingh/.m2/repository/net/bytebuddy/byte-buddy/1.8.15/byte-buddy-1.8.15.jar, /Users/pramodsingh/.m2/repository/org/seleniumhq/selenium/selenium-support/3.141.59/selenium-support-3.141.59.jar, /Users/pramodsingh/.m2/repository/org/seleniumhq/selenium/selenium-api/3.141.59/selenium-api-3.141.59.jar, /Users/pramodsingh/.m2/repository/org/seleniumhq/selenium/htmlunit-driver/2.20/htmlunit-driver-2.20.jar, /Users/pramodsingh/.m2/repository/net/sourceforge/htmlunit/htmlunit/2.20/htmlunit-2.20.jar, /Users/pramodsingh/.m2/repository/net/sourceforge/nekohtml/nekohtml/1.9.22/nekohtml-1.9.22.jar, /Users/pramodsingh/.m2/repository/net/sourceforge/cssparser/cssparser/0.9.18/cssparser-0.9.18.jar, /Users/pramodsingh/.m2/repository/org/w3c/css/sac/1.3/sac-1.3.jar, /Users/pramodsingh/.m2/repository/commons-collections/commons-collections/3.2.2/commons-collections-3.2.2.jar, /Users/pramodsingh/.m2/repository/org/seleniumhq/selenium/selenium-java/3.14.0/selenium-java-3.14.0.jar, /Users/pramodsingh/.m2/repository/org/seleniumhq/selenium/selenium-edge-driver/3.14.0/selenium-edge-driver-3.14.0.jar, /Users/pramodsingh/.m2/repository/org/seleniumhq/selenium/selenium-firefox-driver/3.14.0/selenium-firefox-driver-3.14.0.jar, /Users/pramodsingh/.m2/repository/org/seleniumhq/selenium/selenium-ie-driver/3.14.0/selenium-ie-driver-3.14.0.jar, /Users/pramodsingh/.m2/repository/org/seleniumhq/selenium/selenium-opera-driver/3.14.0/selenium-opera-driver-3.14.0.jar, /Users/pramodsingh/.m2/repository/org/seleniumhq/selenium/selenium-safari-driver/3.14.0/selenium-safari-driver-3.14.0.jar, /Users/pramodsingh/.m2/repository/commons-logging/commons-logging/1.2/commons-logging-1.2.jar, /Users/pramodsingh/.m2/repository/org/apache/httpcomponents/httpcore/4.4.9/httpcore-4.4.9.jar, /Users/pramodsingh/.m2/repository/org/seleniumhq/selenium/selenium-server/3.14.0/selenium-server-3.14.0.jar, /Users/pramodsingh/.m2/repository/org/apache/commons/commons-text/1.1/commons-text-1.1.jar, /Users/pramodsingh/.m2/repository/commons-net/commons-net/3.6/commons-net-3.6.jar, /Users/pramodsingh/.m2/repository/net/sourceforge/htmlunit/htmlunit-core-js/2.28/htmlunit-core-js-2.28.jar, /Users/pramodsingh/.m2/repository/net/sourceforge/htmlunit/htmlunit-cssparser/1.0.0/htmlunit-cssparser-1.0.0.jar, /Users/pramodsingh/.m2/repository/net/sourceforge/htmlunit/neko-htmlunit/2.30/neko-htmlunit-2.30.jar, /Users/pramodsingh/.m2/repository/net/jcip/jcip-annotations/1.0/jcip-annotations-1.0.jar, /Users/pramodsingh/.m2/repository/org/seleniumhq/selenium/jetty-repacked/9.4.8.v20180619/jetty-repacked-9.4.8.v20180619.jar, /Users/pramodsingh/.m2/repository/org/eclipse/jetty/jetty-client/9.4.8.v20180619/jetty-client-9.4.8.v20180619.jar, /Users/pramodsingh/.m2/repository/org/eclipse/jetty/jetty-http/9.4.8.v20180619/jetty-http-9.4.8.v20180619.jar, /Users/pramodsingh/.m2/repository/org/eclipse/jetty/jetty-io/9.4.8.v20180619/jetty-io-9.4.8.v20180619.jar, /Users/pramodsingh/.m2/repository/org/eclipse/jetty/jetty-util/9.4.8.v20180619/jetty-util-9.4.8.v20180619.jar, /Users/pramodsingh/.m2/repository/org/eclipse/jetty/jetty-xml/9.4.8.v20180619/jetty-xml-9.4.8.v20180619.jar, /Users/pramodsingh/.m2/repository/javax/servlet/javax.servlet-api/3.1.0/javax.servlet-api-3.1.0.jar, /Users/pramodsingh/.m2/repository/org/eclipse/jetty/websocket/websocket-api/9.4.8.v20180619/websocket-api-9.4.8.v20180619.jar, /Users/pramodsingh/.m2/repository/org/eclipse/jetty/websocket/websocket-client/9.4.8.v20180619/websocket-client-9.4.8.v20180619.jar, /Users/pramodsingh/.m2/repository/org/eclipse/jetty/websocket/websocket-common/9.4.8.v20180619/websocket-common-9.4.8.v20180619.jar, /Users/pramodsingh/.m2/repository/xalan/serializer/2.7.2/serializer-2.7.2.jar, /Users/pramodsingh/.m2/repository/xalan/xalan/2.7.2/xalan-2.7.2.jar, /Users/pramodsingh/.m2/repository/xerces/xercesImpl/2.11.0/xercesImpl-2.11.0.jar, /Users/pramodsingh/.m2/repository/xml-apis/xml-apis/1.4.01/xml-apis-1.4.01.jar, /Users/pramodsingh/.m2/repository/org/apache/commons/commons-exec/1.3/commons-exec-1.3.jar, /Users/pramodsingh/.m2/repository/commons-lang/commons-lang/2.6/commons-lang-2.6.jar, /Users/pramodsingh/.m2/repository/mysql/mysql-connector-java/5.1.6/mysql-connector-java-5.1.6.jar, /Users/pramodsingh/.m2/repository/org/apache/poi/poi-ooxml/3.17/poi-ooxml-3.17.jar, /Users/pramodsingh/.m2/repository/org/apache/poi/poi-ooxml-schemas/3.17/poi-ooxml-schemas-3.17.jar, /Users/pramodsingh/.m2/repository/org/apache/xmlbeans/xmlbeans/2.6.0/xmlbeans-2.6.0.jar, /Users/pramodsingh/.m2/repository/stax/stax-api/1.0.1/stax-api-1.0.1.jar, /Users/pramodsingh/.m2/repository/com/github/virtuald/curvesapi/1.04/curvesapi-1.04.jar, /Users/pramodsingh/.m2/repository/org/apache/poi/poi/3.17/poi-3.17.jar, /Users/pramodsingh/.m2/repository/org/apache/commons/commons-collections4/4.1/commons-collections4-4.1.jar, /Users/pramodsingh/.m2/repository/io/appium/java-client/4.1.2/java-client-4.1.2.jar, /Users/pramodsingh/.m2/repository/commons-validator/commons-validator/1.5.1/commons-validator-1.5.1.jar, /Users/pramodsingh/.m2/repository/commons-digester/commons-digester/1.8.1/commons-digester-1.8.1.jar, /Users/pramodsingh/.m2/repository/cglib/cglib-nodep/3.2.4/cglib-nodep-3.2.4.jar, /Users/pramodsingh/.m2/repository/org/springframework/spring-context/4.3.2.RELEASE/spring-context-4.3.2.RELEASE.jar, /Users/pramodsingh/.m2/repository/org/springframework/spring-aop/4.3.2.RELEASE/spring-aop-4.3.2.RELEASE.jar, /Users/pramodsingh/.m2/repository/org/springframework/spring-beans/4.3.2.RELEASE/spring-beans-4.3.2.RELEASE.jar, /Users/pramodsingh/.m2/repository/org/springframework/spring-core/4.3.2.RELEASE/spring-core-4.3.2.RELEASE.jar, /Users/pramodsingh/.m2/repository/org/springframework/spring-expression/4.3.2.RELEASE/spring-expression-4.3.2.RELEASE.jar, /Users/pramodsingh/.m2/repository/org/aspectj/aspectjweaver/1.8.9/aspectjweaver-1.8.9.jar, /Users/pramodsingh/.m2/repository/org/postgresql/postgresql/9.4-1206-jdbc42/postgresql-9.4-1206-jdbc42.jar, /Users/pramodsingh/.m2/repository/com/googlecode/json-simple/json-simple/1.1/json-simple-1.1.jar, /Users/pramodsingh/.m2/repository/org/apache/pdfbox/pdfbox/1.8.1/pdfbox-1.8.1.jar, /Users/pramodsingh/.m2/repository/org/apache/pdfbox/fontbox/1.8.1/fontbox-1.8.1.jar, /Users/pramodsingh/.m2/repository/org/apache/pdfbox/jempbox/1.8.1/jempbox-1.8.1.jar, /Users/pramodsingh/.m2/repository/org/mongodb/mongodb-driver/3.2.2/mongodb-driver-3.2.2.jar, /Users/pramodsingh/.m2/repository/org/mongodb/mongodb-driver-core/3.2.2/mongodb-driver-core-3.2.2.jar, /Users/pramodsingh/.m2/repository/org/mongodb/bson/3.2.2/bson-3.2.2.jar, /Users/pramodsingh/.m2/repository/org/json/json/20180813/json-20180813.jar, /Users/pramodsingh/.m2/repository/com/jcraft/jsch/0.1.53/jsch-0.1.53.jar, /Users/pramodsingh/.m2/repository/io/github/sukgu/automation/0.0.12/automation-0.0.12.jar, /Users/pramodsingh/.m2/repository/org/assertj/assertj-core/3.11.1/assertj-core-3.11.1.jar, /Users/pramodsingh/.m2/repository/org/slf4j/slf4j-api/1.7.5/slf4j-api-1.7.5.jar, /Users/pramodsingh/.m2/repository/org/jboss/aerogear/aerogear-otp-java/1.0.0/aerogear-otp-java-1.0.0.jar, /Users/pramodsingh/.m2/repository/io/cucumber/cucumber-picocontainer/4.2.3/cucumber-picocontainer-4.2.3.jar, /Users/pramodsingh/.m2/repository/org/picocontainer/picocontainer/2.15/picocontainer-2.15.jar, /Users/pramodsingh/.m2/repository/com/opencsv/opencsv/5.6/opencsv-5.6.jar, /Users/pramodsingh/.m2/repository/commons-beanutils/commons-beanutils/1.9.4/commons-beanutils-1.9.4.jar, /Users/pramodsingh/.m2/repository/com/aventstack/extentreports/3.1.5/extentreports-3.1.5.jar, /Users/pramodsingh/.m2/repository/org/freemarker/freemarker/2.3.23/freemarker-2.3.23.jar, /Users/pramodsingh/.m2/repository/ru/yandex/qatools/allure/allure-java-annotations/1.5.4/allure-java-annotations-1.5.4.jar, /Users/pramodsingh/.m2/repository/ru/yandex/qatools/allure/allure-model/1.5.4/allure-model-1.5.4.jar, /Users/pramodsingh/.m2/repository/org/jvnet/jaxb2_commons/jaxb2-basics-runtime/0.9.3/jaxb2-basics-runtime-0.9.3.jar, /Users/pramodsingh/.m2/repository/ru/qatools/commons/properties/2.0.RC5/properties-2.0.RC5.jar]
[DEBUG]   (f) useIncrementalCompilation = true
[DEBUG]   (f) verbose = false
[DEBUG] -- end configuration --
[DEBUG] Using compiler 'javac'.
[DEBUG] Adding /Users/pramodsingh/Desktop/automation/automationutils/target/generated-test-sources/test-annotations to test-compile source roots:
  /Users/pramodsingh/Desktop/automation/automationutils/src/test/java
[DEBUG] New test-compile source roots:
  /Users/pramodsingh/Desktop/automation/automationutils/src/test/java
  /Users/pramodsingh/Desktop/automation/automationutils/target/generated-test-sources/test-annotations
[DEBUG] CompilerReuseStrategy: reuseCreated
[DEBUG] useIncrementalCompilation enabled
[DEBUG] Stale source detected: /Users/pramodsingh/Desktop/automation/automationutils/src/test/java/com/pksautomation/commonutilty/CommonUtility/DateRaneEx.java
[DEBUG] Stale source detected: /Users/pramodsingh/Desktop/automation/automationutils/src/test/java/com/pksautomation/commonutilty/CommonUtility/Main.java
[INFO] Changes detected - recompiling the module!
[DEBUG] Classpath:
[DEBUG]  /Users/pramodsingh/Desktop/automation/automationutils/target/test-classes
[DEBUG]  /Users/pramodsingh/Desktop/automation/automationutils/target/classes
[DEBUG]  /Users/pramodsingh/.m2/repository/com/fasterxml/jackson/core/jackson-annotations/2.8.8/jackson-annotations-2.8.8.jar
[DEBUG]  /Users/pramodsingh/.m2/repository/com/jayway/restassured/rest-assured/2.9.0/rest-assured-2.9.0.jar
[DEBUG]  /Users/pramodsingh/.m2/repository/org/codehaus/groovy/groovy/2.4.4/groovy-2.4.4.jar
[DEBUG]  /Users/pramodsingh/.m2/repository/org/codehaus/groovy/groovy-xml/2.4.4/groovy-xml-2.4.4.jar
[DEBUG]  /Users/pramodsingh/.m2/repository/org/apache/httpcomponents/httpclient/4.5.1/httpclient-4.5.1.jar
[DEBUG]  /Users/pramodsingh/.m2/repository/org/apache/httpcomponents/httpmime/4.5.1/httpmime-4.5.1.jar
[DEBUG]  /Users/pramodsingh/.m2/repository/org/hamcrest/hamcrest-core/1.3/hamcrest-core-1.3.jar
[DEBUG]  /Users/pramodsingh/.m2/repository/org/hamcrest/hamcrest-library/1.3/hamcrest-library-1.3.jar
[DEBUG]  /Users/pramodsingh/.m2/repository/org/ccil/cowan/tagsoup/tagsoup/1.2.1/tagsoup-1.2.1.jar
[DEBUG]  /Users/pramodsingh/.m2/repository/com/jayway/restassured/json-path/2.9.0/json-path-2.9.0.jar
[DEBUG]  /Users/pramodsingh/.m2/repository/org/codehaus/groovy/groovy-json/2.4.4/groovy-json-2.4.4.jar
[DEBUG]  /Users/pramodsingh/.m2/repository/com/jayway/restassured/rest-assured-common/2.9.0/rest-assured-common-2.9.0.jar
[DEBUG]  /Users/pramodsingh/.m2/repository/com/jayway/restassured/xml-path/2.9.0/xml-path-2.9.0.jar
[DEBUG]  /Users/pramodsingh/.m2/repository/org/apache/commons/commons-lang3/3.3.2/commons-lang3-3.3.2.jar
[DEBUG]  /Users/pramodsingh/.m2/repository/com/networknt/json-schema-validator/1.0.42/json-schema-validator-1.0.42.jar
[DEBUG]  /Users/pramodsingh/.m2/repository/org/jruby/joni/joni/2.1.31/joni-2.1.31.jar
[DEBUG]  /Users/pramodsingh/.m2/repository/org/jruby/jcodings/jcodings/1.0.46/jcodings-1.0.46.jar
[DEBUG]  /Users/pramodsingh/.m2/repository/com/google/guava/guava/25.0-jre/guava-25.0-jre.jar
[DEBUG]  /Users/pramodsingh/.m2/repository/com/google/code/findbugs/jsr305/1.3.9/jsr305-1.3.9.jar
[DEBUG]  /Users/pramodsingh/.m2/repository/org/checkerframework/checker-compat-qual/2.0.0/checker-compat-qual-2.0.0.jar
[DEBUG]  /Users/pramodsingh/.m2/repository/com/google/errorprone/error_prone_annotations/2.1.3/error_prone_annotations-2.1.3.jar
[DEBUG]  /Users/pramodsingh/.m2/repository/com/google/j2objc/j2objc-annotations/1.1/j2objc-annotations-1.1.jar
[DEBUG]  /Users/pramodsingh/.m2/repository/org/codehaus/mojo/animal-sniffer-annotations/1.14/animal-sniffer-annotations-1.14.jar
[DEBUG]  /Users/pramodsingh/.m2/repository/org/testng/testng/6.14.3/testng-6.14.3.jar
[DEBUG]  /Users/pramodsingh/.m2/repository/com/beust/jcommander/1.72/jcommander-1.72.jar
[DEBUG]  /Users/pramodsingh/.m2/repository/org/apache-extras/beanshell/bsh/2.0b6/bsh-2.0b6.jar
[DEBUG]  /Users/pramodsingh/.m2/repository/org/uncommons/reportng/1.1.4/reportng-1.1.4.jar
[DEBUG]  /Users/pramodsingh/.m2/repository/velocity/velocity/1.4/velocity-1.4.jar
[DEBUG]  /Users/pramodsingh/.m2/repository/velocity/velocity-dep/1.4/velocity-dep-1.4.jar
[DEBUG]  /Users/pramodsingh/.m2/repository/com/amazon/redshift/redshift-jdbc42/2.0.0.5/redshift-jdbc42-2.0.0.5.jar
[DEBUG]  /Users/pramodsingh/.m2/repository/org/yaml/snakeyaml/1.24/snakeyaml-1.24.jar
[DEBUG]  /Users/pramodsingh/.m2/repository/commons-io/commons-io/2.6/commons-io-2.6.jar
[DEBUG]  /Users/pramodsingh/.m2/repository/io/github/bonigarcia/webdrivermanager/5.0.3/webdrivermanager-5.0.3.jar
[DEBUG]  /Users/pramodsingh/.m2/repository/com/google/code/gson/gson/2.8.8/gson-2.8.8.jar
[DEBUG]  /Users/pramodsingh/.m2/repository/org/jsoup/jsoup/1.14.2/jsoup-1.14.2.jar
[DEBUG]  /Users/pramodsingh/.m2/repository/com/github/docker-java/docker-java/3.2.12/docker-java-3.2.12.jar
[DEBUG]  /Users/pramodsingh/.m2/repository/com/github/docker-java/docker-java-core/3.2.12/docker-java-core-3.2.12.jar
[DEBUG]  /Users/pramodsingh/.m2/repository/com/github/docker-java/docker-java-api/3.2.12/docker-java-api-3.2.12.jar
[DEBUG]  /Users/pramodsingh/.m2/repository/org/apache/commons/commons-compress/1.21/commons-compress-1.21.jar
[DEBUG]  /Users/pramodsingh/.m2/repository/org/bouncycastle/bcpkix-jdk15on/1.64/bcpkix-jdk15on-1.64.jar
[DEBUG]  /Users/pramodsingh/.m2/repository/org/bouncycastle/bcprov-jdk15on/1.64/bcprov-jdk15on-1.64.jar
[DEBUG]  /Users/pramodsingh/.m2/repository/org/slf4j/jcl-over-slf4j/1.7.30/jcl-over-slf4j-1.7.30.jar
[DEBUG]  /Users/pramodsingh/.m2/repository/com/github/docker-java/docker-java-transport-httpclient5/3.2.12/docker-java-transport-httpclient5-3.2.12.jar
[DEBUG]  /Users/pramodsingh/.m2/repository/com/github/docker-java/docker-java-transport/3.2.12/docker-java-transport-3.2.12.jar
[DEBUG]  /Users/pramodsingh/.m2/repository/org/apache/httpcomponents/client5/httpclient5/5.0.3/httpclient5-5.0.3.jar
[DEBUG]  /Users/pramodsingh/.m2/repository/org/apache/httpcomponents/core5/httpcore5/5.0.2/httpcore5-5.0.2.jar
[DEBUG]  /Users/pramodsingh/.m2/repository/net/java/dev/jna/jna/5.8.0/jna-5.8.0.jar
[DEBUG]  /Users/pramodsingh/.m2/repository/org/brotli/dec/0.1.2/dec-0.1.2.jar
[DEBUG]  /Users/pramodsingh/.m2/repository/com/squareup/okhttp3/logging-interceptor/4.9.0/logging-interceptor-4.9.0.jar
[DEBUG]  /Users/pramodsingh/.m2/repository/org/jetbrains/kotlin/kotlin-stdlib-jdk8/1.4.10/kotlin-stdlib-jdk8-1.4.10.jar
[DEBUG]  /Users/pramodsingh/.m2/repository/org/jetbrains/kotlin/kotlin-stdlib-jdk7/1.4.10/kotlin-stdlib-jdk7-1.4.10.jar
[DEBUG]  /Users/pramodsingh/.m2/repository/com/squareup/okhttp3/okhttp/4.9.1/okhttp-4.9.1.jar
[DEBUG]  /Users/pramodsingh/.m2/repository/com/squareup/okio/okio/2.8.0/okio-2.8.0.jar
[DEBUG]  /Users/pramodsingh/.m2/repository/org/jetbrains/kotlin/kotlin-stdlib/1.3.70/kotlin-stdlib-1.3.70.jar
[DEBUG]  /Users/pramodsingh/.m2/repository/org/jetbrains/kotlin/kotlin-stdlib-common/1.3.70/kotlin-stdlib-common-1.3.70.jar
[DEBUG]  /Users/pramodsingh/.m2/repository/org/jetbrains/annotations/13.0/annotations-13.0.jar
[DEBUG]  /Users/pramodsingh/.m2/repository/com/epam/healenium/healenium-web/3.1.6/healenium-web-3.1.6.jar
[DEBUG]  /Users/pramodsingh/.m2/repository/org/apache/maven/plugins/maven-surefire-plugin/3.0.0-M5/maven-surefire-plugin-3.0.0-M5.jar
[DEBUG]  /Users/pramodsingh/.m2/repository/org/apache/maven/surefire/maven-surefire-common/3.0.0-M5/maven-surefire-common-3.0.0-M5.jar
[DEBUG]  /Users/pramodsingh/.m2/repository/org/apache/maven/surefire/surefire-api/3.0.0-M5/surefire-api-3.0.0-M5.jar
[DEBUG]  /Users/pramodsingh/.m2/repository/org/apache/maven/surefire/surefire-logger-api/3.0.0-M5/surefire-logger-api-3.0.0-M5.jar
[DEBUG]  /Users/pramodsingh/.m2/repository/org/apache/maven/surefire/surefire-extensions-api/3.0.0-M5/surefire-extensions-api-3.0.0-M5.jar
[DEBUG]  /Users/pramodsingh/.m2/repository/org/apache/maven/surefire/surefire-booter/3.0.0-M5/surefire-booter-3.0.0-M5.jar
[DEBUG]  /Users/pramodsingh/.m2/repository/org/apache/maven/surefire/surefire-extensions-spi/3.0.0-M5/surefire-extensions-spi-3.0.0-M5.jar
[DEBUG]  /Users/pramodsingh/.m2/repository/org/apache/maven/maven-toolchain/3.0-alpha-2/maven-toolchain-3.0-alpha-2.jar
[DEBUG]  /Users/pramodsingh/.m2/repository/org/apache/maven/shared/maven-artifact-transfer/0.11.0/maven-artifact-transfer-0.11.0.jar
[DEBUG]  /Users/pramodsingh/.m2/repository/org/apache/maven/shared/maven-common-artifact-filters/3.0.1/maven-common-artifact-filters-3.0.1.jar
[DEBUG]  /Users/pramodsingh/.m2/repository/org/sonatype/sisu/sisu-inject-plexus/1.4.2/sisu-inject-plexus-1.4.2.jar
[DEBUG]  /Users/pramodsingh/.m2/repository/org/sonatype/sisu/sisu-inject-bean/1.4.2/sisu-inject-bean-1.4.2.jar
[DEBUG]  /Users/pramodsingh/.m2/repository/org/sonatype/sisu/sisu-guice/2.1.7/sisu-guice-2.1.7-noaop.jar
[DEBUG]  /Users/pramodsingh/.m2/repository/org/codehaus/plexus/plexus-java/1.0.5/plexus-java-1.0.5.jar
[DEBUG]  /Users/pramodsingh/.m2/repository/org/ow2/asm/asm/7.2/asm-7.2.jar
[DEBUG]  /Users/pramodsingh/.m2/repository/com/thoughtworks/qdox/qdox/2.0-M9/qdox-2.0-M9.jar
[DEBUG]  /Users/pramodsingh/.m2/repository/org/apache/maven/surefire/surefire-shared-utils/3.0.0-M4/surefire-shared-utils-3.0.0-M4.jar
[DEBUG]  /Users/pramodsingh/.m2/repository/org/apache/maven/maven-artifact/2.0.11/maven-artifact-2.0.11.jar
[DEBUG]  /Users/pramodsingh/.m2/repository/org/apache/maven/maven-compat/3.8.1/maven-compat-3.8.1.jar
[DEBUG]  /Users/pramodsingh/.m2/repository/org/apache/maven/maven-model/3.8.1/maven-model-3.8.1.jar
[DEBUG]  /Users/pramodsingh/.m2/repository/org/apache/maven/maven-model-builder/3.8.1/maven-model-builder-3.8.1.jar
[DEBUG]  /Users/pramodsingh/.m2/repository/javax/inject/javax.inject/1/javax.inject-1.jar
[DEBUG]  /Users/pramodsingh/.m2/repository/org/apache/maven/maven-builder-support/3.8.1/maven-builder-support-3.8.1.jar
[DEBUG]  /Users/pramodsingh/.m2/repository/org/eclipse/sisu/org.eclipse.sisu.inject/0.3.4/org.eclipse.sisu.inject-0.3.4.jar
[DEBUG]  /Users/pramodsingh/.m2/repository/org/apache/maven/maven-settings/3.8.1/maven-settings-3.8.1.jar
[DEBUG]  /Users/pramodsingh/.m2/repository/org/apache/maven/maven-settings-builder/3.8.1/maven-settings-builder-3.8.1.jar
[DEBUG]  /Users/pramodsingh/.m2/repository/org/sonatype/plexus/plexus-sec-dispatcher/1.4/plexus-sec-dispatcher-1.4.jar
[DEBUG]  /Users/pramodsingh/.m2/repository/org/sonatype/plexus/plexus-cipher/1.4/plexus-cipher-1.4.jar
[DEBUG]  /Users/pramodsingh/.m2/repository/org/apache/maven/maven-core/3.8.1/maven-core-3.8.1.jar
[DEBUG]  /Users/pramodsingh/.m2/repository/org/apache/maven/resolver/maven-resolver-spi/1.6.2/maven-resolver-spi-1.6.2.jar
[DEBUG]  /Users/pramodsingh/.m2/repository/org/apache/maven/shared/maven-shared-utils/3.2.1/maven-shared-utils-3.2.1.jar
[DEBUG]  /Users/pramodsingh/.m2/repository/com/google/inject/guice/4.2.1/guice-4.2.1-no_aop.jar
[DEBUG]  /Users/pramodsingh/.m2/repository/aopalliance/aopalliance/1.0/aopalliance-1.0.jar
[DEBUG]  /Users/pramodsingh/.m2/repository/org/apache/maven/maven-resolver-provider/3.8.1/maven-resolver-provider-3.8.1.jar
[DEBUG]  /Users/pramodsingh/.m2/repository/org/apache/maven/maven-repository-metadata/3.8.1/maven-repository-metadata-3.8.1.jar
[DEBUG]  /Users/pramodsingh/.m2/repository/org/apache/maven/resolver/maven-resolver-api/1.6.2/maven-resolver-api-1.6.2.jar
[DEBUG]  /Users/pramodsingh/.m2/repository/org/apache/maven/resolver/maven-resolver-util/1.6.2/maven-resolver-util-1.6.2.jar
[DEBUG]  /Users/pramodsingh/.m2/repository/org/apache/maven/resolver/maven-resolver-impl/1.6.2/maven-resolver-impl-1.6.2.jar
[DEBUG]  /Users/pramodsingh/.m2/repository/org/codehaus/plexus/plexus-interpolation/1.25/plexus-interpolation-1.25.jar
[DEBUG]  /Users/pramodsingh/.m2/repository/org/eclipse/sisu/org.eclipse.sisu.plexus/0.3.4/org.eclipse.sisu.plexus-0.3.4.jar
[DEBUG]  /Users/pramodsingh/.m2/repository/javax/enterprise/cdi-api/1.0/cdi-api-1.0.jar
[DEBUG]  /Users/pramodsingh/.m2/repository/javax/annotation/jsr250-api/1.0/jsr250-api-1.0.jar
[DEBUG]  /Users/pramodsingh/.m2/repository/org/codehaus/plexus/plexus-component-annotations/2.1.0/plexus-component-annotations-2.1.0.jar
[DEBUG]  /Users/pramodsingh/.m2/repository/org/apache/maven/wagon/wagon-provider-api/3.4.3/wagon-provider-api-3.4.3.jar
[DEBUG]  /Users/pramodsingh/.m2/repository/org/apache/maven/maven-plugin-api/3.8.1/maven-plugin-api-3.8.1.jar
[DEBUG]  /Users/pramodsingh/.m2/repository/org/codehaus/plexus/plexus-classworlds/2.6.0/plexus-classworlds-2.6.0.jar
[DEBUG]  /Users/pramodsingh/.m2/repository/com/typesafe/config/1.3.4/config-1.3.4.jar
[DEBUG]  /Users/pramodsingh/.m2/repository/com/epam/healenium/tree-comparing/0.4.10/tree-comparing-0.4.10.jar
[DEBUG]  /Users/pramodsingh/.m2/repository/commons-codec/commons-codec/1.12/commons-codec-1.12.jar
[DEBUG]  /Users/pramodsingh/.m2/repository/org/slf4j/slf4j-simple/1.7.30/slf4j-simple-1.7.30.jar
[DEBUG]  /Users/pramodsingh/.m2/repository/org/mapstruct/mapstruct/1.4.2.Final/mapstruct-1.4.2.Final.jar
[DEBUG]  /Users/pramodsingh/.m2/repository/org/projectlombok/lombok/1.18.20/lombok-1.18.20.jar
[DEBUG]  /Users/pramodsingh/.m2/repository/one/util/streamex/0.7.2/streamex-0.7.2.jar
[DEBUG]  /Users/pramodsingh/.m2/repository/org/mapstruct/mapstruct-processor/1.4.2.Final/mapstruct-processor-1.4.2.Final.jar
[DEBUG]  /Users/pramodsingh/.m2/repository/io/cucumber/cucumber-java8/4.2.3/cucumber-java8-4.2.3.jar
[DEBUG]  /Users/pramodsingh/.m2/repository/net/jodah/typetools/0.5.0/typetools-0.5.0.jar
[DEBUG]  /Users/pramodsingh/.m2/repository/io/cucumber/cucumber-java/4.2.3/cucumber-java-4.2.3.jar
[DEBUG]  /Users/pramodsingh/.m2/repository/io/cucumber/cucumber-core/4.2.3/cucumber-core-4.2.3.jar
[DEBUG]  /Users/pramodsingh/.m2/repository/io/cucumber/cucumber-html/0.2.7/cucumber-html-0.2.7.jar
[DEBUG]  /Users/pramodsingh/.m2/repository/io/cucumber/gherkin/5.1.0/gherkin-5.1.0.jar
[DEBUG]  /Users/pramodsingh/.m2/repository/io/cucumber/tag-expressions/1.1.1/tag-expressions-1.1.1.jar
[DEBUG]  /Users/pramodsingh/.m2/repository/io/cucumber/cucumber-expressions/6.2.0/cucumber-expressions-6.2.0.jar
[DEBUG]  /Users/pramodsingh/.m2/repository/io/cucumber/datatable/1.1.12/datatable-1.1.12.jar
[DEBUG]  /Users/pramodsingh/.m2/repository/io/cucumber/datatable-dependencies/1.1.12/datatable-dependencies-1.1.12.jar
[DEBUG]  /Users/pramodsingh/.m2/repository/org/python/jython-standalone/2.7.2/jython-standalone-2.7.2.jar
[DEBUG]  /Users/pramodsingh/.m2/repository/net/masterthought/cucumber-reporting/4.2.3/cucumber-reporting-4.2.3.jar
[DEBUG]  /Users/pramodsingh/.m2/repository/org/apache/velocity/velocity/1.7/velocity-1.7.jar
[DEBUG]  /Users/pramodsingh/.m2/repository/velocity-tools/velocity-tools/1.4/velocity-tools-1.4.jar
[DEBUG]  /Users/pramodsingh/.m2/repository/joda-time/joda-time/2.10.1/joda-time-2.10.1.jar
[DEBUG]  /Users/pramodsingh/.m2/repository/org/codehaus/plexus/plexus-utils/3.1.0/plexus-utils-3.1.0.jar
[DEBUG]  /Users/pramodsingh/.m2/repository/com/googlecode/owasp-java-html-sanitizer/owasp-java-html-sanitizer/20181114.1/owasp-java-html-sanitizer-20181114.1.jar
[DEBUG]  /Users/pramodsingh/.m2/repository/commons-configuration/commons-configuration/1.10/commons-configuration-1.10.jar
[DEBUG]  /Users/pramodsingh/.m2/repository/io/cucumber/cucumber-testng/4.2.3/cucumber-testng-4.2.3.jar
[DEBUG]  /Users/pramodsingh/.m2/repository/com/fasterxml/jackson/core/jackson-core/2.6.3/jackson-core-2.6.3.jar
[DEBUG]  /Users/pramodsingh/.m2/repository/com/fasterxml/jackson/core/jackson-databind/2.6.3/jackson-databind-2.6.3.jar
[DEBUG]  /Users/pramodsingh/.m2/repository/com/fasterxml/jackson/datatype/jackson-datatype-joda/2.6.3/jackson-datatype-joda-2.6.3.jar
[DEBUG]  /Users/pramodsingh/.m2/repository/io/rest-assured/rest-assured/3.0.0/rest-assured-3.0.0.jar
[DEBUG]  /Users/pramodsingh/.m2/repository/io/rest-assured/json-path/3.0.0/json-path-3.0.0.jar
[DEBUG]  /Users/pramodsingh/.m2/repository/io/rest-assured/rest-assured-common/3.0.0/rest-assured-common-3.0.0.jar
[DEBUG]  /Users/pramodsingh/.m2/repository/io/rest-assured/xml-path/3.0.0/xml-path-3.0.0.jar
[DEBUG]  /Users/pramodsingh/.m2/repository/com/opera/operadriver/1.5/operadriver-1.5.jar
[DEBUG]  /Users/pramodsingh/.m2/repository/com/opera/operalaunchers/1.1/operalaunchers-1.1.jar
[DEBUG]  /Users/pramodsingh/.m2/repository/com/google/protobuf/protobuf-java/2.4.1/protobuf-java-2.4.1.jar
[DEBUG]  /Users/pramodsingh/.m2/repository/commons-jxpath/commons-jxpath/1.3/commons-jxpath-1.3.jar
[DEBUG]  /Users/pramodsingh/.m2/repository/org/ini4j/ini4j/0.5.2/ini4j-0.5.2.jar
[DEBUG]  /Users/pramodsingh/.m2/repository/org/codehaus/jackson/jackson-mapper-asl/1.5.0/jackson-mapper-asl-1.5.0.jar
[DEBUG]  /Users/pramodsingh/.m2/repository/org/codehaus/jackson/jackson-core-asl/1.5.0/jackson-core-asl-1.5.0.jar
[DEBUG]  /Users/pramodsingh/.m2/repository/junit/junit/3.8.1/junit-3.8.1.jar
[DEBUG]  /Users/pramodsingh/.m2/repository/org/seleniumhq/selenium/selenium-chrome-driver/3.141.59/selenium-chrome-driver-3.141.59.jar
[DEBUG]  /Users/pramodsingh/.m2/repository/org/seleniumhq/selenium/selenium-remote-driver/3.141.59/selenium-remote-driver-3.141.59.jar
[DEBUG]  /Users/pramodsingh/.m2/repository/net/bytebuddy/byte-buddy/1.8.15/byte-buddy-1.8.15.jar
[DEBUG]  /Users/pramodsingh/.m2/repository/org/seleniumhq/selenium/selenium-support/3.141.59/selenium-support-3.141.59.jar
[DEBUG]  /Users/pramodsingh/.m2/repository/org/seleniumhq/selenium/selenium-api/3.141.59/selenium-api-3.141.59.jar
[DEBUG]  /Users/pramodsingh/.m2/repository/org/seleniumhq/selenium/htmlunit-driver/2.20/htmlunit-driver-2.20.jar
[DEBUG]  /Users/pramodsingh/.m2/repository/net/sourceforge/htmlunit/htmlunit/2.20/htmlunit-2.20.jar
[DEBUG]  /Users/pramodsingh/.m2/repository/net/sourceforge/nekohtml/nekohtml/1.9.22/nekohtml-1.9.22.jar
[DEBUG]  /Users/pramodsingh/.m2/repository/net/sourceforge/cssparser/cssparser/0.9.18/cssparser-0.9.18.jar
[DEBUG]  /Users/pramodsingh/.m2/repository/org/w3c/css/sac/1.3/sac-1.3.jar
[DEBUG]  /Users/pramodsingh/.m2/repository/commons-collections/commons-collections/3.2.2/commons-collections-3.2.2.jar
[DEBUG]  /Users/pramodsingh/.m2/repository/org/seleniumhq/selenium/selenium-java/3.14.0/selenium-java-3.14.0.jar
[DEBUG]  /Users/pramodsingh/.m2/repository/org/seleniumhq/selenium/selenium-edge-driver/3.14.0/selenium-edge-driver-3.14.0.jar
[DEBUG]  /Users/pramodsingh/.m2/repository/org/seleniumhq/selenium/selenium-firefox-driver/3.14.0/selenium-firefox-driver-3.14.0.jar
[DEBUG]  /Users/pramodsingh/.m2/repository/org/seleniumhq/selenium/selenium-ie-driver/3.14.0/selenium-ie-driver-3.14.0.jar
[DEBUG]  /Users/pramodsingh/.m2/repository/org/seleniumhq/selenium/selenium-opera-driver/3.14.0/selenium-opera-driver-3.14.0.jar
[DEBUG]  /Users/pramodsingh/.m2/repository/org/seleniumhq/selenium/selenium-safari-driver/3.14.0/selenium-safari-driver-3.14.0.jar
[DEBUG]  /Users/pramodsingh/.m2/repository/commons-logging/commons-logging/1.2/commons-logging-1.2.jar
[DEBUG]  /Users/pramodsingh/.m2/repository/org/apache/httpcomponents/httpcore/4.4.9/httpcore-4.4.9.jar
[DEBUG]  /Users/pramodsingh/.m2/repository/org/seleniumhq/selenium/selenium-server/3.14.0/selenium-server-3.14.0.jar
[DEBUG]  /Users/pramodsingh/.m2/repository/org/apache/commons/commons-text/1.1/commons-text-1.1.jar
[DEBUG]  /Users/pramodsingh/.m2/repository/commons-net/commons-net/3.6/commons-net-3.6.jar
[DEBUG]  /Users/pramodsingh/.m2/repository/net/sourceforge/htmlunit/htmlunit-core-js/2.28/htmlunit-core-js-2.28.jar
[DEBUG]  /Users/pramodsingh/.m2/repository/net/sourceforge/htmlunit/htmlunit-cssparser/1.0.0/htmlunit-cssparser-1.0.0.jar
[DEBUG]  /Users/pramodsingh/.m2/repository/net/sourceforge/htmlunit/neko-htmlunit/2.30/neko-htmlunit-2.30.jar
[DEBUG]  /Users/pramodsingh/.m2/repository/net/jcip/jcip-annotations/1.0/jcip-annotations-1.0.jar
[DEBUG]  /Users/pramodsingh/.m2/repository/org/seleniumhq/selenium/jetty-repacked/9.4.8.v20180619/jetty-repacked-9.4.8.v20180619.jar
[DEBUG]  /Users/pramodsingh/.m2/repository/org/eclipse/jetty/jetty-client/9.4.8.v20180619/jetty-client-9.4.8.v20180619.jar
[DEBUG]  /Users/pramodsingh/.m2/repository/org/eclipse/jetty/jetty-http/9.4.8.v20180619/jetty-http-9.4.8.v20180619.jar
[DEBUG]  /Users/pramodsingh/.m2/repository/org/eclipse/jetty/jetty-io/9.4.8.v20180619/jetty-io-9.4.8.v20180619.jar
[DEBUG]  /Users/pramodsingh/.m2/repository/org/eclipse/jetty/jetty-util/9.4.8.v20180619/jetty-util-9.4.8.v20180619.jar
[DEBUG]  /Users/pramodsingh/.m2/repository/org/eclipse/jetty/jetty-xml/9.4.8.v20180619/jetty-xml-9.4.8.v20180619.jar
[DEBUG]  /Users/pramodsingh/.m2/repository/javax/servlet/javax.servlet-api/3.1.0/javax.servlet-api-3.1.0.jar
[DEBUG]  /Users/pramodsingh/.m2/repository/org/eclipse/jetty/websocket/websocket-api/9.4.8.v20180619/websocket-api-9.4.8.v20180619.jar
[DEBUG]  /Users/pramodsingh/.m2/repository/org/eclipse/jetty/websocket/websocket-client/9.4.8.v20180619/websocket-client-9.4.8.v20180619.jar
[DEBUG]  /Users/pramodsingh/.m2/repository/org/eclipse/jetty/websocket/websocket-common/9.4.8.v20180619/websocket-common-9.4.8.v20180619.jar
[DEBUG]  /Users/pramodsingh/.m2/repository/xalan/serializer/2.7.2/serializer-2.7.2.jar
[DEBUG]  /Users/pramodsingh/.m2/repository/xalan/xalan/2.7.2/xalan-2.7.2.jar
[DEBUG]  /Users/pramodsingh/.m2/repository/xerces/xercesImpl/2.11.0/xercesImpl-2.11.0.jar
[DEBUG]  /Users/pramodsingh/.m2/repository/xml-apis/xml-apis/1.4.01/xml-apis-1.4.01.jar
[DEBUG]  /Users/pramodsingh/.m2/repository/org/apache/commons/commons-exec/1.3/commons-exec-1.3.jar
[DEBUG]  /Users/pramodsingh/.m2/repository/commons-lang/commons-lang/2.6/commons-lang-2.6.jar
[DEBUG]  /Users/pramodsingh/.m2/repository/mysql/mysql-connector-java/5.1.6/mysql-connector-java-5.1.6.jar
[DEBUG]  /Users/pramodsingh/.m2/repository/org/apache/poi/poi-ooxml/3.17/poi-ooxml-3.17.jar
[DEBUG]  /Users/pramodsingh/.m2/repository/org/apache/poi/poi-ooxml-schemas/3.17/poi-ooxml-schemas-3.17.jar
[DEBUG]  /Users/pramodsingh/.m2/repository/org/apache/xmlbeans/xmlbeans/2.6.0/xmlbeans-2.6.0.jar
[DEBUG]  /Users/pramodsingh/.m2/repository/stax/stax-api/1.0.1/stax-api-1.0.1.jar
[DEBUG]  /Users/pramodsingh/.m2/repository/com/github/virtuald/curvesapi/1.04/curvesapi-1.04.jar
[DEBUG]  /Users/pramodsingh/.m2/repository/org/apache/poi/poi/3.17/poi-3.17.jar
[DEBUG]  /Users/pramodsingh/.m2/repository/org/apache/commons/commons-collections4/4.1/commons-collections4-4.1.jar
[DEBUG]  /Users/pramodsingh/.m2/repository/io/appium/java-client/4.1.2/java-client-4.1.2.jar
[DEBUG]  /Users/pramodsingh/.m2/repository/commons-validator/commons-validator/1.5.1/commons-validator-1.5.1.jar
[DEBUG]  /Users/pramodsingh/.m2/repository/commons-digester/commons-digester/1.8.1/commons-digester-1.8.1.jar
[DEBUG]  /Users/pramodsingh/.m2/repository/cglib/cglib-nodep/3.2.4/cglib-nodep-3.2.4.jar
[DEBUG]  /Users/pramodsingh/.m2/repository/org/springframework/spring-context/4.3.2.RELEASE/spring-context-4.3.2.RELEASE.jar
[DEBUG]  /Users/pramodsingh/.m2/repository/org/springframework/spring-aop/4.3.2.RELEASE/spring-aop-4.3.2.RELEASE.jar
[DEBUG]  /Users/pramodsingh/.m2/repository/org/springframework/spring-beans/4.3.2.RELEASE/spring-beans-4.3.2.RELEASE.jar
[DEBUG]  /Users/pramodsingh/.m2/repository/org/springframework/spring-core/4.3.2.RELEASE/spring-core-4.3.2.RELEASE.jar
[DEBUG]  /Users/pramodsingh/.m2/repository/org/springframework/spring-expression/4.3.2.RELEASE/spring-expression-4.3.2.RELEASE.jar
[DEBUG]  /Users/pramodsingh/.m2/repository/org/aspectj/aspectjweaver/1.8.9/aspectjweaver-1.8.9.jar
[DEBUG]  /Users/pramodsingh/.m2/repository/org/postgresql/postgresql/9.4-1206-jdbc42/postgresql-9.4-1206-jdbc42.jar
[DEBUG]  /Users/pramodsingh/.m2/repository/com/googlecode/json-simple/json-simple/1.1/json-simple-1.1.jar
[DEBUG]  /Users/pramodsingh/.m2/repository/org/apache/pdfbox/pdfbox/1.8.1/pdfbox-1.8.1.jar
[DEBUG]  /Users/pramodsingh/.m2/repository/org/apache/pdfbox/fontbox/1.8.1/fontbox-1.8.1.jar
[DEBUG]  /Users/pramodsingh/.m2/repository/org/apache/pdfbox/jempbox/1.8.1/jempbox-1.8.1.jar
[DEBUG]  /Users/pramodsingh/.m2/repository/org/mongodb/mongodb-driver/3.2.2/mongodb-driver-3.2.2.jar
[DEBUG]  /Users/pramodsingh/.m2/repository/org/mongodb/mongodb-driver-core/3.2.2/mongodb-driver-core-3.2.2.jar
[DEBUG]  /Users/pramodsingh/.m2/repository/org/mongodb/bson/3.2.2/bson-3.2.2.jar
[DEBUG]  /Users/pramodsingh/.m2/repository/org/json/json/20180813/json-20180813.jar
[DEBUG]  /Users/pramodsingh/.m2/repository/com/jcraft/jsch/0.1.53/jsch-0.1.53.jar
[DEBUG]  /Users/pramodsingh/.m2/repository/io/github/sukgu/automation/0.0.12/automation-0.0.12.jar
[DEBUG]  /Users/pramodsingh/.m2/repository/org/assertj/assertj-core/3.11.1/assertj-core-3.11.1.jar
[DEBUG]  /Users/pramodsingh/.m2/repository/org/slf4j/slf4j-api/1.7.5/slf4j-api-1.7.5.jar
[DEBUG]  /Users/pramodsingh/.m2/repository/org/jboss/aerogear/aerogear-otp-java/1.0.0/aerogear-otp-java-1.0.0.jar
[DEBUG]  /Users/pramodsingh/.m2/repository/io/cucumber/cucumber-picocontainer/4.2.3/cucumber-picocontainer-4.2.3.jar
[DEBUG]  /Users/pramodsingh/.m2/repository/org/picocontainer/picocontainer/2.15/picocontainer-2.15.jar
[DEBUG]  /Users/pramodsingh/.m2/repository/com/opencsv/opencsv/5.6/opencsv-5.6.jar
[DEBUG]  /Users/pramodsingh/.m2/repository/commons-beanutils/commons-beanutils/1.9.4/commons-beanutils-1.9.4.jar
[DEBUG]  /Users/pramodsingh/.m2/repository/com/aventstack/extentreports/3.1.5/extentreports-3.1.5.jar
[DEBUG]  /Users/pramodsingh/.m2/repository/org/freemarker/freemarker/2.3.23/freemarker-2.3.23.jar
[DEBUG]  /Users/pramodsingh/.m2/repository/ru/yandex/qatools/allure/allure-java-annotations/1.5.4/allure-java-annotations-1.5.4.jar
[DEBUG]  /Users/pramodsingh/.m2/repository/ru/yandex/qatools/allure/allure-model/1.5.4/allure-model-1.5.4.jar
[DEBUG]  /Users/pramodsingh/.m2/repository/org/jvnet/jaxb2_commons/jaxb2-basics-runtime/0.9.3/jaxb2-basics-runtime-0.9.3.jar
[DEBUG]  /Users/pramodsingh/.m2/repository/ru/qatools/commons/properties/2.0.RC5/properties-2.0.RC5.jar
[DEBUG] Source roots:
[DEBUG]  /Users/pramodsingh/Desktop/automation/automationutils/src/test/java
[DEBUG]  /Users/pramodsingh/Desktop/automation/automationutils/target/generated-test-sources/test-annotations
[DEBUG] Command line options:
[DEBUG] -d /Users/pramodsingh/Desktop/automation/automationutils/target/test-classes -classpath /Users/pramodsingh/Desktop/automation/automationutils/target/test-classes:/Users/pramodsingh/Desktop/automation/automationutils/target/classes:/Users/pramodsingh/.m2/repository/com/fasterxml/jackson/core/jackson-annotations/2.8.8/jackson-annotations-2.8.8.jar:/Users/pramodsingh/.m2/repository/com/jayway/restassured/rest-assured/2.9.0/rest-assured-2.9.0.jar:/Users/pramodsingh/.m2/repository/org/codehaus/groovy/groovy/2.4.4/groovy-2.4.4.jar:/Users/pramodsingh/.m2/repository/org/codehaus/groovy/groovy-xml/2.4.4/groovy-xml-2.4.4.jar:/Users/pramodsingh/.m2/repository/org/apache/httpcomponents/httpclient/4.5.1/httpclient-4.5.1.jar:/Users/pramodsingh/.m2/repository/org/apache/httpcomponents/httpmime/4.5.1/httpmime-4.5.1.jar:/Users/pramodsingh/.m2/repository/org/hamcrest/hamcrest-core/1.3/hamcrest-core-1.3.jar:/Users/pramodsingh/.m2/repository/org/hamcrest/hamcrest-library/1.3/hamcrest-library-1.3.jar:/Users/pramodsingh/.m2/repository/org/ccil/cowan/tagsoup/tagsoup/1.2.1/tagsoup-1.2.1.jar:/Users/pramodsingh/.m2/repository/com/jayway/restassured/json-path/2.9.0/json-path-2.9.0.jar:/Users/pramodsingh/.m2/repository/org/codehaus/groovy/groovy-json/2.4.4/groovy-json-2.4.4.jar:/Users/pramodsingh/.m2/repository/com/jayway/restassured/rest-assured-common/2.9.0/rest-assured-common-2.9.0.jar:/Users/pramodsingh/.m2/repository/com/jayway/restassured/xml-path/2.9.0/xml-path-2.9.0.jar:/Users/pramodsingh/.m2/repository/org/apache/commons/commons-lang3/3.3.2/commons-lang3-3.3.2.jar:/Users/pramodsingh/.m2/repository/com/networknt/json-schema-validator/1.0.42/json-schema-validator-1.0.42.jar:/Users/pramodsingh/.m2/repository/org/jruby/joni/joni/2.1.31/joni-2.1.31.jar:/Users/pramodsingh/.m2/repository/org/jruby/jcodings/jcodings/1.0.46/jcodings-1.0.46.jar:/Users/pramodsingh/.m2/repository/com/google/guava/guava/25.0-jre/guava-25.0-jre.jar:/Users/pramodsingh/.m2/repository/com/google/code/findbugs/jsr305/1.3.9/jsr305-1.3.9.jar:/Users/pramodsingh/.m2/repository/org/checkerframework/checker-compat-qual/2.0.0/checker-compat-qual-2.0.0.jar:/Users/pramodsingh/.m2/repository/com/google/errorprone/error_prone_annotations/2.1.3/error_prone_annotations-2.1.3.jar:/Users/pramodsingh/.m2/repository/com/google/j2objc/j2objc-annotations/1.1/j2objc-annotations-1.1.jar:/Users/pramodsingh/.m2/repository/org/codehaus/mojo/animal-sniffer-annotations/1.14/animal-sniffer-annotations-1.14.jar:/Users/pramodsingh/.m2/repository/org/testng/testng/6.14.3/testng-6.14.3.jar:/Users/pramodsingh/.m2/repository/com/beust/jcommander/1.72/jcommander-1.72.jar:/Users/pramodsingh/.m2/repository/org/apache-extras/beanshell/bsh/2.0b6/bsh-2.0b6.jar:/Users/pramodsingh/.m2/repository/org/uncommons/reportng/1.1.4/reportng-1.1.4.jar:/Users/pramodsingh/.m2/repository/velocity/velocity/1.4/velocity-1.4.jar:/Users/pramodsingh/.m2/repository/velocity/velocity-dep/1.4/velocity-dep-1.4.jar:/Users/pramodsingh/.m2/repository/com/amazon/redshift/redshift-jdbc42/2.0.0.5/redshift-jdbc42-2.0.0.5.jar:/Users/pramodsingh/.m2/repository/org/yaml/snakeyaml/1.24/snakeyaml-1.24.jar:/Users/pramodsingh/.m2/repository/commons-io/commons-io/2.6/commons-io-2.6.jar:/Users/pramodsingh/.m2/repository/io/github/bonigarcia/webdrivermanager/5.0.3/webdrivermanager-5.0.3.jar:/Users/pramodsingh/.m2/repository/com/google/code/gson/gson/2.8.8/gson-2.8.8.jar:/Users/pramodsingh/.m2/repository/org/jsoup/jsoup/1.14.2/jsoup-1.14.2.jar:/Users/pramodsingh/.m2/repository/com/github/docker-java/docker-java/3.2.12/docker-java-3.2.12.jar:/Users/pramodsingh/.m2/repository/com/github/docker-java/docker-java-core/3.2.12/docker-java-core-3.2.12.jar:/Users/pramodsingh/.m2/repository/com/github/docker-java/docker-java-api/3.2.12/docker-java-api-3.2.12.jar:/Users/pramodsingh/.m2/repository/org/apache/commons/commons-compress/1.21/commons-compress-1.21.jar:/Users/pramodsingh/.m2/repository/org/bouncycastle/bcpkix-jdk15on/1.64/bcpkix-jdk15on-1.64.jar:/Users/pramodsingh/.m2/repository/org/bouncycastle/bcprov-jdk15on/1.64/bcprov-jdk15on-1.64.jar:/Users/pramodsingh/.m2/repository/org/slf4j/jcl-over-slf4j/1.7.30/jcl-over-slf4j-1.7.30.jar:/Users/pramodsingh/.m2/repository/com/github/docker-java/docker-java-transport-httpclient5/3.2.12/docker-java-transport-httpclient5-3.2.12.jar:/Users/pramodsingh/.m2/repository/com/github/docker-java/docker-java-transport/3.2.12/docker-java-transport-3.2.12.jar:/Users/pramodsingh/.m2/repository/org/apache/httpcomponents/client5/httpclient5/5.0.3/httpclient5-5.0.3.jar:/Users/pramodsingh/.m2/repository/org/apache/httpcomponents/core5/httpcore5/5.0.2/httpcore5-5.0.2.jar:/Users/pramodsingh/.m2/repository/net/java/dev/jna/jna/5.8.0/jna-5.8.0.jar:/Users/pramodsingh/.m2/repository/org/brotli/dec/0.1.2/dec-0.1.2.jar:/Users/pramodsingh/.m2/repository/com/squareup/okhttp3/logging-interceptor/4.9.0/logging-interceptor-4.9.0.jar:/Users/pramodsingh/.m2/repository/org/jetbrains/kotlin/kotlin-stdlib-jdk8/1.4.10/kotlin-stdlib-jdk8-1.4.10.jar:/Users/pramodsingh/.m2/repository/org/jetbrains/kotlin/kotlin-stdlib-jdk7/1.4.10/kotlin-stdlib-jdk7-1.4.10.jar:/Users/pramodsingh/.m2/repository/com/squareup/okhttp3/okhttp/4.9.1/okhttp-4.9.1.jar:/Users/pramodsingh/.m2/repository/com/squareup/okio/okio/2.8.0/okio-2.8.0.jar:/Users/pramodsingh/.m2/repository/org/jetbrains/kotlin/kotlin-stdlib/1.3.70/kotlin-stdlib-1.3.70.jar:/Users/pramodsingh/.m2/repository/org/jetbrains/kotlin/kotlin-stdlib-common/1.3.70/kotlin-stdlib-common-1.3.70.jar:/Users/pramodsingh/.m2/repository/org/jetbrains/annotations/13.0/annotations-13.0.jar:/Users/pramodsingh/.m2/repository/com/epam/healenium/healenium-web/3.1.6/healenium-web-3.1.6.jar:/Users/pramodsingh/.m2/repository/org/apache/maven/plugins/maven-surefire-plugin/3.0.0-M5/maven-surefire-plugin-3.0.0-M5.jar:/Users/pramodsingh/.m2/repository/org/apache/maven/surefire/maven-surefire-common/3.0.0-M5/maven-surefire-common-3.0.0-M5.jar:/Users/pramodsingh/.m2/repository/org/apache/maven/surefire/surefire-api/3.0.0-M5/surefire-api-3.0.0-M5.jar:/Users/pramodsingh/.m2/repository/org/apache/maven/surefire/surefire-logger-api/3.0.0-M5/surefire-logger-api-3.0.0-M5.jar:/Users/pramodsingh/.m2/repository/org/apache/maven/surefire/surefire-extensions-api/3.0.0-M5/surefire-extensions-api-3.0.0-M5.jar:/Users/pramodsingh/.m2/repository/org/apache/maven/surefire/surefire-booter/3.0.0-M5/surefire-booter-3.0.0-M5.jar:/Users/pramodsingh/.m2/repository/org/apache/maven/surefire/surefire-extensions-spi/3.0.0-M5/surefire-extensions-spi-3.0.0-M5.jar:/Users/pramodsingh/.m2/repository/org/apache/maven/maven-toolchain/3.0-alpha-2/maven-toolchain-3.0-alpha-2.jar:/Users/pramodsingh/.m2/repository/org/apache/maven/shared/maven-artifact-transfer/0.11.0/maven-artifact-transfer-0.11.0.jar:/Users/pramodsingh/.m2/repository/org/apache/maven/shared/maven-common-artifact-filters/3.0.1/maven-common-artifact-filters-3.0.1.jar:/Users/pramodsingh/.m2/repository/org/sonatype/sisu/sisu-inject-plexus/1.4.2/sisu-inject-plexus-1.4.2.jar:/Users/pramodsingh/.m2/repository/org/sonatype/sisu/sisu-inject-bean/1.4.2/sisu-inject-bean-1.4.2.jar:/Users/pramodsingh/.m2/repository/org/sonatype/sisu/sisu-guice/2.1.7/sisu-guice-2.1.7-noaop.jar:/Users/pramodsingh/.m2/repository/org/codehaus/plexus/plexus-java/1.0.5/plexus-java-1.0.5.jar:/Users/pramodsingh/.m2/repository/org/ow2/asm/asm/7.2/asm-7.2.jar:/Users/pramodsingh/.m2/repository/com/thoughtworks/qdox/qdox/2.0-M9/qdox-2.0-M9.jar:/Users/pramodsingh/.m2/repository/org/apache/maven/surefire/surefire-shared-utils/3.0.0-M4/surefire-shared-utils-3.0.0-M4.jar:/Users/pramodsingh/.m2/repository/org/apache/maven/maven-artifact/2.0.11/maven-artifact-2.0.11.jar:/Users/pramodsingh/.m2/repository/org/apache/maven/maven-compat/3.8.1/maven-compat-3.8.1.jar:/Users/pramodsingh/.m2/repository/org/apache/maven/maven-model/3.8.1/maven-model-3.8.1.jar:/Users/pramodsingh/.m2/repository/org/apache/maven/maven-model-builder/3.8.1/maven-model-builder-3.8.1.jar:/Users/pramodsingh/.m2/repository/javax/inject/javax.inject/1/javax.inject-1.jar:/Users/pramodsingh/.m2/repository/org/apache/maven/maven-builder-support/3.8.1/maven-builder-support-3.8.1.jar:/Users/pramodsingh/.m2/repository/org/eclipse/sisu/org.eclipse.sisu.inject/0.3.4/org.eclipse.sisu.inject-0.3.4.jar:/Users/pramodsingh/.m2/repository/org/apache/maven/maven-settings/3.8.1/maven-settings-3.8.1.jar:/Users/pramodsingh/.m2/repository/org/apache/maven/maven-settings-builder/3.8.1/maven-settings-builder-3.8.1.jar:/Users/pramodsingh/.m2/repository/org/sonatype/plexus/plexus-sec-dispatcher/1.4/plexus-sec-dispatcher-1.4.jar:/Users/pramodsingh/.m2/repository/org/sonatype/plexus/plexus-cipher/1.4/plexus-cipher-1.4.jar:/Users/pramodsingh/.m2/repository/org/apache/maven/maven-core/3.8.1/maven-core-3.8.1.jar:/Users/pramodsingh/.m2/repository/org/apache/maven/resolver/maven-resolver-spi/1.6.2/maven-resolver-spi-1.6.2.jar:/Users/pramodsingh/.m2/repository/org/apache/maven/shared/maven-shared-utils/3.2.1/maven-shared-utils-3.2.1.jar:/Users/pramodsingh/.m2/repository/com/google/inject/guice/4.2.1/guice-4.2.1-no_aop.jar:/Users/pramodsingh/.m2/repository/aopalliance/aopalliance/1.0/aopalliance-1.0.jar:/Users/pramodsingh/.m2/repository/org/apache/maven/maven-resolver-provider/3.8.1/maven-resolver-provider-3.8.1.jar:/Users/pramodsingh/.m2/repository/org/apache/maven/maven-repository-metadata/3.8.1/maven-repository-metadata-3.8.1.jar:/Users/pramodsingh/.m2/repository/org/apache/maven/resolver/maven-resolver-api/1.6.2/maven-resolver-api-1.6.2.jar:/Users/pramodsingh/.m2/repository/org/apache/maven/resolver/maven-resolver-util/1.6.2/maven-resolver-util-1.6.2.jar:/Users/pramodsingh/.m2/repository/org/apache/maven/resolver/maven-resolver-impl/1.6.2/maven-resolver-impl-1.6.2.jar:/Users/pramodsingh/.m2/repository/org/codehaus/plexus/plexus-interpolation/1.25/plexus-interpolation-1.25.jar:/Users/pramodsingh/.m2/repository/org/eclipse/sisu/org.eclipse.sisu.plexus/0.3.4/org.eclipse.sisu.plexus-0.3.4.jar:/Users/pramodsingh/.m2/repository/javax/enterprise/cdi-api/1.0/cdi-api-1.0.jar:/Users/pramodsingh/.m2/repository/javax/annotation/jsr250-api/1.0/jsr250-api-1.0.jar:/Users/pramodsingh/.m2/repository/org/codehaus/plexus/plexus-component-annotations/2.1.0/plexus-component-annotations-2.1.0.jar:/Users/pramodsingh/.m2/repository/org/apache/maven/wagon/wagon-provider-api/3.4.3/wagon-provider-api-3.4.3.jar:/Users/pramodsingh/.m2/repository/org/apache/maven/maven-plugin-api/3.8.1/maven-plugin-api-3.8.1.jar:/Users/pramodsingh/.m2/repository/org/codehaus/plexus/plexus-classworlds/2.6.0/plexus-classworlds-2.6.0.jar:/Users/pramodsingh/.m2/repository/com/typesafe/config/1.3.4/config-1.3.4.jar:/Users/pramodsingh/.m2/repository/com/epam/healenium/tree-comparing/0.4.10/tree-comparing-0.4.10.jar:/Users/pramodsingh/.m2/repository/commons-codec/commons-codec/1.12/commons-codec-1.12.jar:/Users/pramodsingh/.m2/repository/org/slf4j/slf4j-simple/1.7.30/slf4j-simple-1.7.30.jar:/Users/pramodsingh/.m2/repository/org/mapstruct/mapstruct/1.4.2.Final/mapstruct-1.4.2.Final.jar:/Users/pramodsingh/.m2/repository/org/projectlombok/lombok/1.18.20/lombok-1.18.20.jar:/Users/pramodsingh/.m2/repository/one/util/streamex/0.7.2/streamex-0.7.2.jar:/Users/pramodsingh/.m2/repository/org/mapstruct/mapstruct-processor/1.4.2.Final/mapstruct-processor-1.4.2.Final.jar:/Users/pramodsingh/.m2/repository/io/cucumber/cucumber-java8/4.2.3/cucumber-java8-4.2.3.jar:/Users/pramodsingh/.m2/repository/net/jodah/typetools/0.5.0/typetools-0.5.0.jar:/Users/pramodsingh/.m2/repository/io/cucumber/cucumber-java/4.2.3/cucumber-java-4.2.3.jar:/Users/pramodsingh/.m2/repository/io/cucumber/cucumber-core/4.2.3/cucumber-core-4.2.3.jar:/Users/pramodsingh/.m2/repository/io/cucumber/cucumber-html/0.2.7/cucumber-html-0.2.7.jar:/Users/pramodsingh/.m2/repository/io/cucumber/gherkin/5.1.0/gherkin-5.1.0.jar:/Users/pramodsingh/.m2/repository/io/cucumber/tag-expressions/1.1.1/tag-expressions-1.1.1.jar:/Users/pramodsingh/.m2/repository/io/cucumber/cucumber-expressions/6.2.0/cucumber-expressions-6.2.0.jar:/Users/pramodsingh/.m2/repository/io/cucumber/datatable/1.1.12/datatable-1.1.12.jar:/Users/pramodsingh/.m2/repository/io/cucumber/datatable-dependencies/1.1.12/datatable-dependencies-1.1.12.jar:/Users/pramodsingh/.m2/repository/org/python/jython-standalone/2.7.2/jython-standalone-2.7.2.jar:/Users/pramodsingh/.m2/repository/net/masterthought/cucumber-reporting/4.2.3/cucumber-reporting-4.2.3.jar:/Users/pramodsingh/.m2/repository/org/apache/velocity/velocity/1.7/velocity-1.7.jar:/Users/pramodsingh/.m2/repository/velocity-tools/velocity-tools/1.4/velocity-tools-1.4.jar:/Users/pramodsingh/.m2/repository/joda-time/joda-time/2.10.1/joda-time-2.10.1.jar:/Users/pramodsingh/.m2/repository/org/codehaus/plexus/plexus-utils/3.1.0/plexus-utils-3.1.0.jar:/Users/pramodsingh/.m2/repository/com/googlecode/owasp-java-html-sanitizer/owasp-java-html-sanitizer/20181114.1/owasp-java-html-sanitizer-20181114.1.jar:/Users/pramodsingh/.m2/repository/commons-configuration/commons-configuration/1.10/commons-configuration-1.10.jar:/Users/pramodsingh/.m2/repository/io/cucumber/cucumber-testng/4.2.3/cucumber-testng-4.2.3.jar:/Users/pramodsingh/.m2/repository/com/fasterxml/jackson/core/jackson-core/2.6.3/jackson-core-2.6.3.jar:/Users/pramodsingh/.m2/repository/com/fasterxml/jackson/core/jackson-databind/2.6.3/jackson-databind-2.6.3.jar:/Users/pramodsingh/.m2/repository/com/fasterxml/jackson/datatype/jackson-datatype-joda/2.6.3/jackson-datatype-joda-2.6.3.jar:/Users/pramodsingh/.m2/repository/io/rest-assured/rest-assured/3.0.0/rest-assured-3.0.0.jar:/Users/pramodsingh/.m2/repository/io/rest-assured/json-path/3.0.0/json-path-3.0.0.jar:/Users/pramodsingh/.m2/repository/io/rest-assured/rest-assured-common/3.0.0/rest-assured-common-3.0.0.jar:/Users/pramodsingh/.m2/repository/io/rest-assured/xml-path/3.0.0/xml-path-3.0.0.jar:/Users/pramodsingh/.m2/repository/com/opera/operadriver/1.5/operadriver-1.5.jar:/Users/pramodsingh/.m2/repository/com/opera/operalaunchers/1.1/operalaunchers-1.1.jar:/Users/pramodsingh/.m2/repository/com/google/protobuf/protobuf-java/2.4.1/protobuf-java-2.4.1.jar:/Users/pramodsingh/.m2/repository/commons-jxpath/commons-jxpath/1.3/commons-jxpath-1.3.jar:/Users/pramodsingh/.m2/repository/org/ini4j/ini4j/0.5.2/ini4j-0.5.2.jar:/Users/pramodsingh/.m2/repository/org/codehaus/jackson/jackson-mapper-asl/1.5.0/jackson-mapper-asl-1.5.0.jar:/Users/pramodsingh/.m2/repository/org/codehaus/jackson/jackson-core-asl/1.5.0/jackson-core-asl-1.5.0.jar:/Users/pramodsingh/.m2/repository/junit/junit/3.8.1/junit-3.8.1.jar:/Users/pramodsingh/.m2/repository/org/seleniumhq/selenium/selenium-chrome-driver/3.141.59/selenium-chrome-driver-3.141.59.jar:/Users/pramodsingh/.m2/repository/org/seleniumhq/selenium/selenium-remote-driver/3.141.59/selenium-remote-driver-3.141.59.jar:/Users/pramodsingh/.m2/repository/net/bytebuddy/byte-buddy/1.8.15/byte-buddy-1.8.15.jar:/Users/pramodsingh/.m2/repository/org/seleniumhq/selenium/selenium-support/3.141.59/selenium-support-3.141.59.jar:/Users/pramodsingh/.m2/repository/org/seleniumhq/selenium/selenium-api/3.141.59/selenium-api-3.141.59.jar:/Users/pramodsingh/.m2/repository/org/seleniumhq/selenium/htmlunit-driver/2.20/htmlunit-driver-2.20.jar:/Users/pramodsingh/.m2/repository/net/sourceforge/htmlunit/htmlunit/2.20/htmlunit-2.20.jar:/Users/pramodsingh/.m2/repository/net/sourceforge/nekohtml/nekohtml/1.9.22/nekohtml-1.9.22.jar:/Users/pramodsingh/.m2/repository/net/sourceforge/cssparser/cssparser/0.9.18/cssparser-0.9.18.jar:/Users/pramodsingh/.m2/repository/org/w3c/css/sac/1.3/sac-1.3.jar:/Users/pramodsingh/.m2/repository/commons-collections/commons-collections/3.2.2/commons-collections-3.2.2.jar:/Users/pramodsingh/.m2/repository/org/seleniumhq/selenium/selenium-java/3.14.0/selenium-java-3.14.0.jar:/Users/pramodsingh/.m2/repository/org/seleniumhq/selenium/selenium-edge-driver/3.14.0/selenium-edge-driver-3.14.0.jar:/Users/pramodsingh/.m2/repository/org/seleniumhq/selenium/selenium-firefox-driver/3.14.0/selenium-firefox-driver-3.14.0.jar:/Users/pramodsingh/.m2/repository/org/seleniumhq/selenium/selenium-ie-driver/3.14.0/selenium-ie-driver-3.14.0.jar:/Users/pramodsingh/.m2/repository/org/seleniumhq/selenium/selenium-opera-driver/3.14.0/selenium-opera-driver-3.14.0.jar:/Users/pramodsingh/.m2/repository/org/seleniumhq/selenium/selenium-safari-driver/3.14.0/selenium-safari-driver-3.14.0.jar:/Users/pramodsingh/.m2/repository/commons-logging/commons-logging/1.2/commons-logging-1.2.jar:/Users/pramodsingh/.m2/repository/org/apache/httpcomponents/httpcore/4.4.9/httpcore-4.4.9.jar:/Users/pramodsingh/.m2/repository/org/seleniumhq/selenium/selenium-server/3.14.0/selenium-server-3.14.0.jar:/Users/pramodsingh/.m2/repository/org/apache/commons/commons-text/1.1/commons-text-1.1.jar:/Users/pramodsingh/.m2/repository/commons-net/commons-net/3.6/commons-net-3.6.jar:/Users/pramodsingh/.m2/repository/net/sourceforge/htmlunit/htmlunit-core-js/2.28/htmlunit-core-js-2.28.jar:/Users/pramodsingh/.m2/repository/net/sourceforge/htmlunit/htmlunit-cssparser/1.0.0/htmlunit-cssparser-1.0.0.jar:/Users/pramodsingh/.m2/repository/net/sourceforge/htmlunit/neko-htmlunit/2.30/neko-htmlunit-2.30.jar:/Users/pramodsingh/.m2/repository/net/jcip/jcip-annotations/1.0/jcip-annotations-1.0.jar:/Users/pramodsingh/.m2/repository/org/seleniumhq/selenium/jetty-repacked/9.4.8.v20180619/jetty-repacked-9.4.8.v20180619.jar:/Users/pramodsingh/.m2/repository/org/eclipse/jetty/jetty-client/9.4.8.v20180619/jetty-client-9.4.8.v20180619.jar:/Users/pramodsingh/.m2/repository/org/eclipse/jetty/jetty-http/9.4.8.v20180619/jetty-http-9.4.8.v20180619.jar:/Users/pramodsingh/.m2/repository/org/eclipse/jetty/jetty-io/9.4.8.v20180619/jetty-io-9.4.8.v20180619.jar:/Users/pramodsingh/.m2/repository/org/eclipse/jetty/jetty-util/9.4.8.v20180619/jetty-util-9.4.8.v20180619.jar:/Users/pramodsingh/.m2/repository/org/eclipse/jetty/jetty-xml/9.4.8.v20180619/jetty-xml-9.4.8.v20180619.jar:/Users/pramodsingh/.m2/repository/javax/servlet/javax.servlet-api/3.1.0/javax.servlet-api-3.1.0.jar:/Users/pramodsingh/.m2/repository/org/eclipse/jetty/websocket/websocket-api/9.4.8.v20180619/websocket-api-9.4.8.v20180619.jar:/Users/pramodsingh/.m2/repository/org/eclipse/jetty/websocket/websocket-client/9.4.8.v20180619/websocket-client-9.4.8.v20180619.jar:/Users/pramodsingh/.m2/repository/org/eclipse/jetty/websocket/websocket-common/9.4.8.v20180619/websocket-common-9.4.8.v20180619.jar:/Users/pramodsingh/.m2/repository/xalan/serializer/2.7.2/serializer-2.7.2.jar:/Users/pramodsingh/.m2/repository/xalan/xalan/2.7.2/xalan-2.7.2.jar:/Users/pramodsingh/.m2/repository/xerces/xercesImpl/2.11.0/xercesImpl-2.11.0.jar:/Users/pramodsingh/.m2/repository/xml-apis/xml-apis/1.4.01/xml-apis-1.4.01.jar:/Users/pramodsingh/.m2/repository/org/apache/commons/commons-exec/1.3/commons-exec-1.3.jar:/Users/pramodsingh/.m2/repository/commons-lang/commons-lang/2.6/commons-lang-2.6.jar:/Users/pramodsingh/.m2/repository/mysql/mysql-connector-java/5.1.6/mysql-connector-java-5.1.6.jar:/Users/pramodsingh/.m2/repository/org/apache/poi/poi-ooxml/3.17/poi-ooxml-3.17.jar:/Users/pramodsingh/.m2/repository/org/apache/poi/poi-ooxml-schemas/3.17/poi-ooxml-schemas-3.17.jar:/Users/pramodsingh/.m2/repository/org/apache/xmlbeans/xmlbeans/2.6.0/xmlbeans-2.6.0.jar:/Users/pramodsingh/.m2/repository/stax/stax-api/1.0.1/stax-api-1.0.1.jar:/Users/pramodsingh/.m2/repository/com/github/virtuald/curvesapi/1.04/curvesapi-1.04.jar:/Users/pramodsingh/.m2/repository/org/apache/poi/poi/3.17/poi-3.17.jar:/Users/pramodsingh/.m2/repository/org/apache/commons/commons-collections4/4.1/commons-collections4-4.1.jar:/Users/pramodsingh/.m2/repository/io/appium/java-client/4.1.2/java-client-4.1.2.jar:/Users/pramodsingh/.m2/repository/commons-validator/commons-validator/1.5.1/commons-validator-1.5.1.jar:/Users/pramodsingh/.m2/repository/commons-digester/commons-digester/1.8.1/commons-digester-1.8.1.jar:/Users/pramodsingh/.m2/repository/cglib/cglib-nodep/3.2.4/cglib-nodep-3.2.4.jar:/Users/pramodsingh/.m2/repository/org/springframework/spring-context/4.3.2.RELEASE/spring-context-4.3.2.RELEASE.jar:/Users/pramodsingh/.m2/repository/org/springframework/spring-aop/4.3.2.RELEASE/spring-aop-4.3.2.RELEASE.jar:/Users/pramodsingh/.m2/repository/org/springframework/spring-beans/4.3.2.RELEASE/spring-beans-4.3.2.RELEASE.jar:/Users/pramodsingh/.m2/repository/org/springframework/spring-core/4.3.2.RELEASE/spring-core-4.3.2.RELEASE.jar:/Users/pramodsingh/.m2/repository/org/springframework/spring-expression/4.3.2.RELEASE/spring-expression-4.3.2.RELEASE.jar:/Users/pramodsingh/.m2/repository/org/aspectj/aspectjweaver/1.8.9/aspectjweaver-1.8.9.jar:/Users/pramodsingh/.m2/repository/org/postgresql/postgresql/9.4-1206-jdbc42/postgresql-9.4-1206-jdbc42.jar:/Users/pramodsingh/.m2/repository/com/googlecode/json-simple/json-simple/1.1/json-simple-1.1.jar:/Users/pramodsingh/.m2/repository/org/apache/pdfbox/pdfbox/1.8.1/pdfbox-1.8.1.jar:/Users/pramodsingh/.m2/repository/org/apache/pdfbox/fontbox/1.8.1/fontbox-1.8.1.jar:/Users/pramodsingh/.m2/repository/org/apache/pdfbox/jempbox/1.8.1/jempbox-1.8.1.jar:/Users/pramodsingh/.m2/repository/org/mongodb/mongodb-driver/3.2.2/mongodb-driver-3.2.2.jar:/Users/pramodsingh/.m2/repository/org/mongodb/mongodb-driver-core/3.2.2/mongodb-driver-core-3.2.2.jar:/Users/pramodsingh/.m2/repository/org/mongodb/bson/3.2.2/bson-3.2.2.jar:/Users/pramodsingh/.m2/repository/org/json/json/20180813/json-20180813.jar:/Users/pramodsingh/.m2/repository/com/jcraft/jsch/0.1.53/jsch-0.1.53.jar:/Users/pramodsingh/.m2/repository/io/github/sukgu/automation/0.0.12/automation-0.0.12.jar:/Users/pramodsingh/.m2/repository/org/assertj/assertj-core/3.11.1/assertj-core-3.11.1.jar:/Users/pramodsingh/.m2/repository/org/slf4j/slf4j-api/1.7.5/slf4j-api-1.7.5.jar:/Users/pramodsingh/.m2/repository/org/jboss/aerogear/aerogear-otp-java/1.0.0/aerogear-otp-java-1.0.0.jar:/Users/pramodsingh/.m2/repository/io/cucumber/cucumber-picocontainer/4.2.3/cucumber-picocontainer-4.2.3.jar:/Users/pramodsingh/.m2/repository/org/picocontainer/picocontainer/2.15/picocontainer-2.15.jar:/Users/pramodsingh/.m2/repository/com/opencsv/opencsv/5.6/opencsv-5.6.jar:/Users/pramodsingh/.m2/repository/commons-beanutils/commons-beanutils/1.9.4/commons-beanutils-1.9.4.jar:/Users/pramodsingh/.m2/repository/com/aventstack/extentreports/3.1.5/extentreports-3.1.5.jar:/Users/pramodsingh/.m2/repository/org/freemarker/freemarker/2.3.23/freemarker-2.3.23.jar:/Users/pramodsingh/.m2/repository/ru/yandex/qatools/allure/allure-java-annotations/1.5.4/allure-java-annotations-1.5.4.jar:/Users/pramodsingh/.m2/repository/ru/yandex/qatools/allure/allure-model/1.5.4/allure-model-1.5.4.jar:/Users/pramodsingh/.m2/repository/org/jvnet/jaxb2_commons/jaxb2-basics-runtime/0.9.3/jaxb2-basics-runtime-0.9.3.jar:/Users/pramodsingh/.m2/repository/ru/qatools/commons/properties/2.0.RC5/properties-2.0.RC5.jar: -sourcepath /Users/pramodsingh/Desktop/automation/automationutils/src/test/java:/Users/pramodsingh/Desktop/automation/automationutils/target/generated-test-sources/test-annotations: -s /Users/pramodsingh/Desktop/automation/automationutils/target/generated-test-sources/test-annotations -g -nowarn -target 1.8 -source 1.8 -encoding UTF-8
[DEBUG] incrementalBuildHelper#beforeRebuildExecution
[INFO] Compiling 2 source files to /Users/pramodsingh/Desktop/automation/automationutils/target/test-classes
[DEBUG] incrementalBuildHelper#afterRebuildExecution
[INFO] 
[INFO] --- surefire:3.5.4:test (default-test) @ AutomationUtils ---
[DEBUG] Dependency collection stats {ConflictMarker.analyzeTime=2154583, ConflictMarker.markTime=229375, ConflictMarker.nodeCount=25, ConflictIdSorter.graphTime=1181250, ConflictIdSorter.topsortTime=119042, ConflictIdSorter.conflictIdCount=15, ConflictIdSorter.conflictIdCycleCount=0, ConflictResolver.totalTime=2341334, ConflictResolver.conflictItemCount=25, DfDependencyCollector.collectTime=205699750, DfDependencyCollector.transformTime=6095417}
[DEBUG] org.apache.maven.plugins:maven-surefire-plugin:jar:3.5.4
[DEBUG]    org.apache.maven.surefire:surefire-api:jar:3.5.4:compile
[DEBUG]       org.apache.maven.surefire:surefire-logger-api:jar:3.5.4:compile
[DEBUG]       org.apache.maven.surefire:surefire-shared-utils:jar:3.5.4:compile (version managed from default)
[DEBUG]    org.apache.maven.surefire:surefire-extensions-api:jar:3.5.4:compile
[DEBUG]    org.apache.maven.surefire:maven-surefire-common:jar:3.5.4:compile
[DEBUG]       org.apache.maven.surefire:surefire-booter:jar:3.5.4:compile
[DEBUG]          org.apache.maven.surefire:surefire-extensions-spi:jar:3.5.4:compile
[DEBUG]       org.apache.maven.resolver:maven-resolver-util:jar:1.4.1:compile
[DEBUG]          org.apache.maven.resolver:maven-resolver-api:jar:1.4.1:compile
[DEBUG]       org.apache.maven.shared:maven-common-artifact-filters:jar:3.4.0:compile (version managed from default)
[DEBUG]          org.slf4j:slf4j-api:jar:1.7.36:compile (version managed from default)
[DEBUG]       org.codehaus.plexus:plexus-java:jar:1.5.0:compile (version managed from default)
[DEBUG]          org.ow2.asm:asm:jar:9.8:compile
[DEBUG]          com.thoughtworks.qdox:qdox:jar:2.2.0:compile
[DEBUG] Created new class realm plugin>org.apache.maven.plugins:maven-surefire-plugin:3.5.4
[DEBUG] Importing foreign packages into class realm plugin>org.apache.maven.plugins:maven-surefire-plugin:3.5.4
[DEBUG]   Imported:  < maven.api
[DEBUG] Populating class realm plugin>org.apache.maven.plugins:maven-surefire-plugin:3.5.4
[DEBUG]   Included: org.apache.maven.plugins:maven-surefire-plugin:jar:3.5.4
[DEBUG]   Included: org.apache.maven.surefire:surefire-api:jar:3.5.4
[DEBUG]   Included: org.apache.maven.surefire:surefire-logger-api:jar:3.5.4
[DEBUG]   Included: org.apache.maven.surefire:surefire-shared-utils:jar:3.5.4
[DEBUG]   Included: org.apache.maven.surefire:surefire-extensions-api:jar:3.5.4
[DEBUG]   Included: org.apache.maven.surefire:maven-surefire-common:jar:3.5.4
[DEBUG]   Included: org.apache.maven.surefire:surefire-booter:jar:3.5.4
[DEBUG]   Included: org.apache.maven.surefire:surefire-extensions-spi:jar:3.5.4
[DEBUG]   Included: org.apache.maven.shared:maven-common-artifact-filters:jar:3.4.0
[DEBUG]   Included: org.codehaus.plexus:plexus-java:jar:1.5.0
[DEBUG]   Included: org.ow2.asm:asm:jar:9.8
[DEBUG]   Included: com.thoughtworks.qdox:qdox:jar:2.2.0
[DEBUG] Loading mojo org.apache.maven.plugins:maven-surefire-plugin:3.5.4:test from plugin realm ClassRealm[plugin>org.apache.maven.plugins:maven-surefire-plugin:3.5.4, parent: sun.misc.Launcher$AppClassLoader@7852e922]
[DEBUG] Configuring mojo execution 'org.apache.maven.plugins:maven-surefire-plugin:3.5.4:test:default-test' with basic configurator -->
[DEBUG]   (f) additionalClasspathDependencies = []
[DEBUG]   (s) additionalClasspathElements = []
[DEBUG]   (s) basedir = /Users/pramodsingh/Desktop/automation/automationutils
[DEBUG]   (s) childDelegation = false
[DEBUG]   (f) classesDirectory = /Users/pramodsingh/Desktop/automation/automationutils/target/classes
[DEBUG]   (s) classpathDependencyExcludes = []
[DEBUG]   (s) dependenciesToScan = []
[DEBUG]   (s) enableAssertions = true
[DEBUG]   (s) enableOutErrElements = true
[DEBUG]   (s) enablePropertiesElement = true
[DEBUG]   (s) excludeJUnit5Engines = []
[DEBUG]   (f) excludedEnvironmentVariables = []
[DEBUG]   (s) excludes = []
[DEBUG]   (s) failIfNoSpecifiedTests = true
[DEBUG]   (s) failIfNoTests = false
[DEBUG]   (s) failOnFlakeCount = 0
[DEBUG]   (f) forkCount = 1
[DEBUG]   (s) forkedProcessExitTimeoutInSeconds = 30
[DEBUG]   (s) includeJUnit5Engines = []
[DEBUG]   (s) includes = []
[DEBUG]   (s) junitArtifactName = junit:junit
[DEBUG]   (f) parallelMavenExecution = false
[DEBUG]   (s) parallelOptimized = true
[DEBUG]   (s) perCoreThreadCount = true
[DEBUG]   (s) pluginArtifactMap = {org.apache.maven.plugins:maven-surefire-plugin=org.apache.maven.plugins:maven-surefire-plugin:maven-plugin:3.5.4:, org.apache.maven.surefire:surefire-api=org.apache.maven.surefire:surefire-api:jar:3.5.4:compile, org.apache.maven.surefire:surefire-logger-api=org.apache.maven.surefire:surefire-logger-api:jar:3.5.4:compile, org.apache.maven.surefire:surefire-shared-utils=org.apache.maven.surefire:surefire-shared-utils:jar:3.5.4:compile, org.apache.maven.surefire:surefire-extensions-api=org.apache.maven.surefire:surefire-extensions-api:jar:3.5.4:compile, org.apache.maven.surefire:maven-surefire-common=org.apache.maven.surefire:maven-surefire-common:jar:3.5.4:compile, org.apache.maven.surefire:surefire-booter=org.apache.maven.surefire:surefire-booter:jar:3.5.4:compile, org.apache.maven.surefire:surefire-extensions-spi=org.apache.maven.surefire:surefire-extensions-spi:jar:3.5.4:compile, org.apache.maven.resolver:maven-resolver-util=org.apache.maven.resolver:maven-resolver-util:jar:1.4.1:compile, org.apache.maven.resolver:maven-resolver-api=org.apache.maven.resolver:maven-resolver-api:jar:1.4.1:compile, org.apache.maven.shared:maven-common-artifact-filters=org.apache.maven.shared:maven-common-artifact-filters:jar:3.4.0:compile, org.slf4j:slf4j-api=org.slf4j:slf4j-api:jar:1.7.36:compile, org.codehaus.plexus:plexus-java=org.codehaus.plexus:plexus-java:jar:1.5.0:compile, org.ow2.asm:asm=org.ow2.asm:asm:jar:9.8:compile, com.thoughtworks.qdox:qdox=com.thoughtworks.qdox:qdox:jar:2.2.0:compile}
[DEBUG]   (f) pluginDescriptor = Component Descriptor: role: 'org.apache.maven.plugin.Mojo', implementation: 'org.apache.maven.plugins.maven_surefire_plugin.HelpMojo', role hint: 'org.apache.maven.plugins:maven-surefire-plugin:3.5.4:help'
role: 'org.apache.maven.plugin.Mojo', implementation: 'org.apache.maven.plugin.surefire.SurefireMojo', role hint: 'org.apache.maven.plugins:maven-surefire-plugin:3.5.4:test'
---
[DEBUG]   (s) printSummary = true
[DEBUG]   (s) project = MavenProject: com.pksautomation.automationutils:AutomationUtils:0.0.1-SNAPSHOT @ /Users/pramodsingh/Desktop/automation/automationutils/pom.xml
[DEBUG]   (s) projectArtifactMap = {com.fasterxml.jackson.core:jackson-annotations=com.fasterxml.jackson.core:jackson-annotations:jar:2.8.8:compile, com.jayway.restassured:rest-assured=com.jayway.restassured:rest-assured:jar:2.9.0:compile, org.codehaus.groovy:groovy=org.codehaus.groovy:groovy:jar:2.4.4:compile, org.codehaus.groovy:groovy-xml=org.codehaus.groovy:groovy-xml:jar:2.4.4:compile, org.apache.httpcomponents:httpclient=org.apache.httpcomponents:httpclient:jar:4.5.1:compile, org.apache.httpcomponents:httpmime=org.apache.httpcomponents:httpmime:jar:4.5.1:compile, org.hamcrest:hamcrest-core=org.hamcrest:hamcrest-core:jar:1.3:compile, org.hamcrest:hamcrest-library=org.hamcrest:hamcrest-library:jar:1.3:compile, org.ccil.cowan.tagsoup:tagsoup=org.ccil.cowan.tagsoup:tagsoup:jar:1.2.1:compile, com.jayway.restassured:json-path=com.jayway.restassured:json-path:jar:2.9.0:compile, org.codehaus.groovy:groovy-json=org.codehaus.groovy:groovy-json:jar:2.4.4:compile, com.jayway.restassured:rest-assured-common=com.jayway.restassured:rest-assured-common:jar:2.9.0:compile, com.jayway.restassured:xml-path=com.jayway.restassured:xml-path:jar:2.9.0:compile, org.apache.commons:commons-lang3=org.apache.commons:commons-lang3:jar:3.3.2:compile, com.networknt:json-schema-validator=com.networknt:json-schema-validator:jar:1.0.42:compile, org.jruby.joni:joni=org.jruby.joni:joni:jar:2.1.31:compile, org.jruby.jcodings:jcodings=org.jruby.jcodings:jcodings:jar:1.0.46:compile, com.google.guava:guava=com.google.guava:guava:jar:25.0-jre:compile, com.google.code.findbugs:jsr305=com.google.code.findbugs:jsr305:jar:1.3.9:compile, org.checkerframework:checker-compat-qual=org.checkerframework:checker-compat-qual:jar:2.0.0:compile, com.google.errorprone:error_prone_annotations=com.google.errorprone:error_prone_annotations:jar:2.1.3:compile, com.google.j2objc:j2objc-annotations=com.google.j2objc:j2objc-annotations:jar:1.1:compile, org.codehaus.mojo:animal-sniffer-annotations=org.codehaus.mojo:animal-sniffer-annotations:jar:1.14:compile, org.testng:testng=org.testng:testng:jar:6.14.3:compile, com.beust:jcommander=com.beust:jcommander:jar:1.72:compile, org.apache-extras.beanshell:bsh=org.apache-extras.beanshell:bsh:jar:2.0b6:compile, org.uncommons:reportng=org.uncommons:reportng:jar:1.1.4:compile, velocity:velocity=velocity:velocity:jar:1.4:compile, velocity:velocity-dep=velocity:velocity-dep:jar:1.4:runtime, com.amazon.redshift:redshift-jdbc42=com.amazon.redshift:redshift-jdbc42:jar:2.0.0.5:compile, org.yaml:snakeyaml=org.yaml:snakeyaml:jar:1.24:compile, commons-io:commons-io=commons-io:commons-io:jar:2.6:compile, io.github.bonigarcia:webdrivermanager=io.github.bonigarcia:webdrivermanager:jar:5.0.3:compile, com.google.code.gson:gson=com.google.code.gson:gson:jar:2.8.8:compile, org.jsoup:jsoup=org.jsoup:jsoup:jar:1.14.2:compile, com.github.docker-java:docker-java=com.github.docker-java:docker-java:jar:3.2.12:compile, com.github.docker-java:docker-java-core=com.github.docker-java:docker-java-core:jar:3.2.12:compile, com.github.docker-java:docker-java-api=com.github.docker-java:docker-java-api:jar:3.2.12:compile, org.apache.commons:commons-compress=org.apache.commons:commons-compress:jar:1.21:compile, org.bouncycastle:bcpkix-jdk15on=org.bouncycastle:bcpkix-jdk15on:jar:1.64:compile, org.bouncycastle:bcprov-jdk15on=org.bouncycastle:bcprov-jdk15on:jar:1.64:compile, org.slf4j:jcl-over-slf4j=org.slf4j:jcl-over-slf4j:jar:1.7.30:compile, com.github.docker-java:docker-java-transport-httpclient5=com.github.docker-java:docker-java-transport-httpclient5:jar:3.2.12:compile, com.github.docker-java:docker-java-transport=com.github.docker-java:docker-java-transport:jar:3.2.12:compile, org.apache.httpcomponents.client5:httpclient5=org.apache.httpcomponents.client5:httpclient5:jar:5.0.3:compile, org.apache.httpcomponents.core5:httpcore5=org.apache.httpcomponents.core5:httpcore5:jar:5.0.2:compile, net.java.dev.jna:jna=net.java.dev.jna:jna:jar:5.8.0:compile, org.brotli:dec=org.brotli:dec:jar:0.1.2:compile, com.squareup.okhttp3:logging-interceptor=com.squareup.okhttp3:logging-interceptor:jar:4.9.0:compile, org.jetbrains.kotlin:kotlin-stdlib-jdk8=org.jetbrains.kotlin:kotlin-stdlib-jdk8:jar:1.4.10:compile, org.jetbrains.kotlin:kotlin-stdlib-jdk7=org.jetbrains.kotlin:kotlin-stdlib-jdk7:jar:1.4.10:compile, com.squareup.okhttp3:okhttp=com.squareup.okhttp3:okhttp:jar:4.9.1:compile, com.squareup.okio:okio=com.squareup.okio:okio:jar:2.8.0:compile, org.jetbrains.kotlin:kotlin-stdlib=org.jetbrains.kotlin:kotlin-stdlib:jar:1.3.70:compile, org.jetbrains.kotlin:kotlin-stdlib-common=org.jetbrains.kotlin:kotlin-stdlib-common:jar:1.3.70:compile, org.jetbrains:annotations=org.jetbrains:annotations:jar:13.0:compile, com.epam.healenium:healenium-web=com.epam.healenium:healenium-web:jar:3.1.6:compile, org.apache.maven.plugins:maven-surefire-plugin=org.apache.maven.plugins:maven-surefire-plugin:maven-plugin:3.0.0-M5:compile, org.apache.maven.surefire:maven-surefire-common=org.apache.maven.surefire:maven-surefire-common:jar:3.0.0-M5:compile, org.apache.maven.surefire:surefire-api=org.apache.maven.surefire:surefire-api:jar:3.0.0-M5:compile, org.apache.maven.surefire:surefire-logger-api=org.apache.maven.surefire:surefire-logger-api:jar:3.0.0-M5:compile, org.apache.maven.surefire:surefire-extensions-api=org.apache.maven.surefire:surefire-extensions-api:jar:3.0.0-M5:compile, org.apache.maven.surefire:surefire-booter=org.apache.maven.surefire:surefire-booter:jar:3.0.0-M5:compile, org.apache.maven.surefire:surefire-extensions-spi=org.apache.maven.surefire:surefire-extensions-spi:jar:3.0.0-M5:compile, org.apache.maven:maven-toolchain=org.apache.maven:maven-toolchain:jar:3.0-alpha-2:compile, org.apache.maven.shared:maven-artifact-transfer=org.apache.maven.shared:maven-artifact-transfer:jar:0.11.0:compile, org.apache.maven.shared:maven-common-artifact-filters=org.apache.maven.shared:maven-common-artifact-filters:jar:3.0.1:compile, org.sonatype.sisu:sisu-inject-plexus=org.sonatype.sisu:sisu-inject-plexus:jar:1.4.2:compile, org.sonatype.sisu:sisu-inject-bean=org.sonatype.sisu:sisu-inject-bean:jar:1.4.2:compile, org.sonatype.sisu:sisu-guice=org.sonatype.sisu:sisu-guice:jar:noaop:2.1.7:compile, org.codehaus.plexus:plexus-java=org.codehaus.plexus:plexus-java:jar:1.0.5:compile, org.ow2.asm:asm=org.ow2.asm:asm:jar:7.2:compile, com.thoughtworks.qdox:qdox=com.thoughtworks.qdox:qdox:jar:2.0-M9:compile, org.apache.maven.surefire:surefire-shared-utils=org.apache.maven.surefire:surefire-shared-utils:jar:3.0.0-M4:compile, org.apache.maven:maven-artifact=org.apache.maven:maven-artifact:jar:2.0.11:compile, org.apache.maven:maven-compat=org.apache.maven:maven-compat:jar:3.8.1:compile, org.apache.maven:maven-model=org.apache.maven:maven-model:jar:3.8.1:compile, org.apache.maven:maven-model-builder=org.apache.maven:maven-model-builder:jar:3.8.1:compile, javax.inject:javax.inject=javax.inject:javax.inject:jar:1:compile, org.apache.maven:maven-builder-support=org.apache.maven:maven-builder-support:jar:3.8.1:compile, org.eclipse.sisu:org.eclipse.sisu.inject=org.eclipse.sisu:org.eclipse.sisu.inject:jar:0.3.4:compile, org.apache.maven:maven-settings=org.apache.maven:maven-settings:jar:3.8.1:compile, org.apache.maven:maven-settings-builder=org.apache.maven:maven-settings-builder:jar:3.8.1:compile, org.sonatype.plexus:plexus-sec-dispatcher=org.sonatype.plexus:plexus-sec-dispatcher:jar:1.4:compile, org.sonatype.plexus:plexus-cipher=org.sonatype.plexus:plexus-cipher:jar:1.4:compile, org.apache.maven:maven-core=org.apache.maven:maven-core:jar:3.8.1:compile, org.apache.maven.resolver:maven-resolver-spi=org.apache.maven.resolver:maven-resolver-spi:jar:1.6.2:compile, org.apache.maven.shared:maven-shared-utils=org.apache.maven.shared:maven-shared-utils:jar:3.2.1:compile, com.google.inject:guice=com.google.inject:guice:jar:no_aop:4.2.1:compile, aopalliance:aopalliance=aopalliance:aopalliance:jar:1.0:compile, org.apache.maven:maven-resolver-provider=org.apache.maven:maven-resolver-provider:jar:3.8.1:compile, org.apache.maven:maven-repository-metadata=org.apache.maven:maven-repository-metadata:jar:3.8.1:compile, org.apache.maven.resolver:maven-resolver-api=org.apache.maven.resolver:maven-resolver-api:jar:1.6.2:compile, org.apache.maven.resolver:maven-resolver-util=org.apache.maven.resolver:maven-resolver-util:jar:1.6.2:compile, org.apache.maven.resolver:maven-resolver-impl=org.apache.maven.resolver:maven-resolver-impl:jar:1.6.2:compile, org.codehaus.plexus:plexus-interpolation=org.codehaus.plexus:plexus-interpolation:jar:1.25:compile, org.eclipse.sisu:org.eclipse.sisu.plexus=org.eclipse.sisu:org.eclipse.sisu.plexus:jar:0.3.4:compile, javax.enterprise:cdi-api=javax.enterprise:cdi-api:jar:1.0:compile, javax.annotation:jsr250-api=javax.annotation:jsr250-api:jar:1.0:compile, org.codehaus.plexus:plexus-component-annotations=org.codehaus.plexus:plexus-component-annotations:jar:2.1.0:compile, org.apache.maven.wagon:wagon-provider-api=org.apache.maven.wagon:wagon-provider-api:jar:3.4.3:compile, org.apache.maven:maven-plugin-api=org.apache.maven:maven-plugin-api:jar:3.8.1:compile, org.codehaus.plexus:plexus-classworlds=org.codehaus.plexus:plexus-classworlds:jar:2.6.0:compile, com.typesafe:config=com.typesafe:config:jar:1.3.4:compile, com.epam.healenium:tree-comparing=com.epam.healenium:tree-comparing:jar:0.4.10:compile, commons-codec:commons-codec=commons-codec:commons-codec:jar:1.12:compile, org.slf4j:slf4j-simple=org.slf4j:slf4j-simple:jar:1.7.30:compile, org.mapstruct:mapstruct=org.mapstruct:mapstruct:jar:1.4.2.Final:compile, org.projectlombok:lombok=org.projectlombok:lombok:jar:1.18.20:compile, one.util:streamex=one.util:streamex:jar:0.7.2:compile, org.mapstruct:mapstruct-processor=org.mapstruct:mapstruct-processor:jar:1.4.2.Final:compile, net.lightbody.bmp:browsermob-proxy=net.lightbody.bmp:browsermob-proxy:pom:2.1.4:compile, io.cucumber:cucumber-jvm=io.cucumber:cucumber-jvm:pom:4.2.3:compile, io.cucumber:cucumber-java8=io.cucumber:cucumber-java8:jar:4.2.3:compile, net.jodah:typetools=net.jodah:typetools:jar:0.5.0:compile, io.cucumber:cucumber-java=io.cucumber:cucumber-java:jar:4.2.3:compile, io.cucumber:cucumber-core=io.cucumber:cucumber-core:jar:4.2.3:compile, io.cucumber:cucumber-html=io.cucumber:cucumber-html:jar:0.2.7:compile, io.cucumber:gherkin=io.cucumber:gherkin:jar:5.1.0:compile, io.cucumber:tag-expressions=io.cucumber:tag-expressions:jar:1.1.1:compile, io.cucumber:cucumber-expressions=io.cucumber:cucumber-expressions:jar:6.2.0:compile, io.cucumber:datatable=io.cucumber:datatable:jar:1.1.12:compile, io.cucumber:datatable-dependencies=io.cucumber:datatable-dependencies:jar:1.1.12:compile, org.python:jython-standalone=org.python:jython-standalone:jar:2.7.2:compile, net.masterthought:cucumber-reporting=net.masterthought:cucumber-reporting:jar:4.2.3:compile, org.apache.velocity:velocity=org.apache.velocity:velocity:jar:1.7:compile, velocity-tools:velocity-tools=velocity-tools:velocity-tools:jar:1.4:compile, joda-time:joda-time=joda-time:joda-time:jar:2.10.1:compile, org.codehaus.plexus:plexus-utils=org.codehaus.plexus:plexus-utils:jar:3.1.0:compile, com.googlecode.owasp-java-html-sanitizer:owasp-java-html-sanitizer=com.googlecode.owasp-java-html-sanitizer:owasp-java-html-sanitizer:jar:20181114.1:compile, commons-configuration:commons-configuration=commons-configuration:commons-configuration:jar:1.10:compile, io.cucumber:cucumber-testng=io.cucumber:cucumber-testng:jar:4.2.3:compile, com.fasterxml.jackson.core:jackson-core=com.fasterxml.jackson.core:jackson-core:jar:2.6.3:compile, com.fasterxml.jackson.core:jackson-databind=com.fasterxml.jackson.core:jackson-databind:jar:2.6.3:compile, com.fasterxml.jackson.datatype:jackson-datatype-joda=com.fasterxml.jackson.datatype:jackson-datatype-joda:jar:2.6.3:compile, io.rest-assured:rest-assured=io.rest-assured:rest-assured:jar:3.0.0:compile, io.rest-assured:json-path=io.rest-assured:json-path:jar:3.0.0:compile, io.rest-assured:rest-assured-common=io.rest-assured:rest-assured-common:jar:3.0.0:compile, io.rest-assured:xml-path=io.rest-assured:xml-path:jar:3.0.0:compile, com.opera:operadriver=com.opera:operadriver:jar:1.5:compile, com.opera:operalaunchers=com.opera:operalaunchers:jar:1.1:compile, com.google.protobuf:protobuf-java=com.google.protobuf:protobuf-java:jar:2.4.1:compile, commons-jxpath:commons-jxpath=commons-jxpath:commons-jxpath:jar:1.3:compile, org.ini4j:ini4j=org.ini4j:ini4j:jar:0.5.2:compile, org.codehaus.jackson:jackson-mapper-asl=org.codehaus.jackson:jackson-mapper-asl:jar:1.5.0:compile, org.codehaus.jackson:jackson-core-asl=org.codehaus.jackson:jackson-core-asl:jar:1.5.0:compile, junit:junit=junit:junit:jar:3.8.1:test, org.seleniumhq.selenium:selenium-chrome-driver=org.seleniumhq.selenium:selenium-chrome-driver:jar:3.141.59:compile, org.seleniumhq.selenium:selenium-remote-driver=org.seleniumhq.selenium:selenium-remote-driver:jar:3.141.59:compile, net.bytebuddy:byte-buddy=net.bytebuddy:byte-buddy:jar:1.8.15:compile, org.seleniumhq.selenium:selenium-support=org.seleniumhq.selenium:selenium-support:jar:3.141.59:compile, org.seleniumhq.selenium:selenium-api=org.seleniumhq.selenium:selenium-api:jar:3.141.59:compile, org.seleniumhq.selenium:htmlunit-driver=org.seleniumhq.selenium:htmlunit-driver:jar:2.20:compile, net.sourceforge.htmlunit:htmlunit=net.sourceforge.htmlunit:htmlunit:jar:2.20:compile, net.sourceforge.nekohtml:nekohtml=net.sourceforge.nekohtml:nekohtml:jar:1.9.22:compile, net.sourceforge.cssparser:cssparser=net.sourceforge.cssparser:cssparser:jar:0.9.18:compile, org.w3c.css:sac=org.w3c.css:sac:jar:1.3:compile, commons-collections:commons-collections=commons-collections:commons-collections:jar:3.2.2:compile, org.seleniumhq.selenium:selenium-java=org.seleniumhq.selenium:selenium-java:jar:3.14.0:compile, org.seleniumhq.selenium:selenium-edge-driver=org.seleniumhq.selenium:selenium-edge-driver:jar:3.14.0:compile, org.seleniumhq.selenium:selenium-firefox-driver=org.seleniumhq.selenium:selenium-firefox-driver:jar:3.14.0:compile, org.seleniumhq.selenium:selenium-ie-driver=org.seleniumhq.selenium:selenium-ie-driver:jar:3.14.0:compile, org.seleniumhq.selenium:selenium-opera-driver=org.seleniumhq.selenium:selenium-opera-driver:jar:3.14.0:compile, org.seleniumhq.selenium:selenium-safari-driver=org.seleniumhq.selenium:selenium-safari-driver:jar:3.14.0:compile, commons-logging:commons-logging=commons-logging:commons-logging:jar:1.2:compile, org.apache.httpcomponents:httpcore=org.apache.httpcomponents:httpcore:jar:4.4.9:compile, org.seleniumhq.selenium:selenium-server=org.seleniumhq.selenium:selenium-server:jar:3.14.0:compile, org.apache.commons:commons-text=org.apache.commons:commons-text:jar:1.1:compile, commons-net:commons-net=commons-net:commons-net:jar:3.6:compile, net.sourceforge.htmlunit:htmlunit-core-js=net.sourceforge.htmlunit:htmlunit-core-js:jar:2.28:compile, net.sourceforge.htmlunit:htmlunit-cssparser=net.sourceforge.htmlunit:htmlunit-cssparser:jar:1.0.0:compile, net.sourceforge.htmlunit:neko-htmlunit=net.sourceforge.htmlunit:neko-htmlunit:jar:2.30:compile, net.jcip:jcip-annotations=net.jcip:jcip-annotations:jar:1.0:compile, org.seleniumhq.selenium:jetty-repacked=org.seleniumhq.selenium:jetty-repacked:jar:9.4.8.v20180619:compile, org.eclipse.jetty:jetty-client=org.eclipse.jetty:jetty-client:jar:9.4.8.v20180619:compile, org.eclipse.jetty:jetty-http=org.eclipse.jetty:jetty-http:jar:9.4.8.v20180619:compile, org.eclipse.jetty:jetty-io=org.eclipse.jetty:jetty-io:jar:9.4.8.v20180619:compile, org.eclipse.jetty:jetty-util=org.eclipse.jetty:jetty-util:jar:9.4.8.v20180619:compile, org.eclipse.jetty:jetty-xml=org.eclipse.jetty:jetty-xml:jar:9.4.8.v20180619:compile, javax.servlet:javax.servlet-api=javax.servlet:javax.servlet-api:jar:3.1.0:compile, org.eclipse.jetty.websocket:websocket-api=org.eclipse.jetty.websocket:websocket-api:jar:9.4.8.v20180619:compile, org.eclipse.jetty.websocket:websocket-client=org.eclipse.jetty.websocket:websocket-client:jar:9.4.8.v20180619:compile, org.eclipse.jetty.websocket:websocket-common=org.eclipse.jetty.websocket:websocket-common:jar:9.4.8.v20180619:compile, xalan:serializer=xalan:serializer:jar:2.7.2:compile, xalan:xalan=xalan:xalan:jar:2.7.2:compile, xerces:xercesImpl=xerces:xercesImpl:jar:2.11.0:compile, xml-apis:xml-apis=xml-apis:xml-apis:jar:1.4.01:compile, org.apache.commons:commons-exec=org.apache.commons:commons-exec:jar:1.3:compile, commons-lang:commons-lang=commons-lang:commons-lang:jar:2.6:compile, mysql:mysql-connector-java=mysql:mysql-connector-java:jar:5.1.6:compile, org.apache.poi:poi-ooxml=org.apache.poi:poi-ooxml:jar:3.17:compile, org.apache.poi:poi-ooxml-schemas=org.apache.poi:poi-ooxml-schemas:jar:3.17:compile, org.apache.xmlbeans:xmlbeans=org.apache.xmlbeans:xmlbeans:jar:2.6.0:compile, stax:stax-api=stax:stax-api:jar:1.0.1:compile, com.github.virtuald:curvesapi=com.github.virtuald:curvesapi:jar:1.04:compile, org.apache.poi:poi=org.apache.poi:poi:jar:3.17:compile, org.apache.commons:commons-collections4=org.apache.commons:commons-collections4:jar:4.1:compile, io.appium:java-client=io.appium:java-client:jar:4.1.2:compile, commons-validator:commons-validator=commons-validator:commons-validator:jar:1.5.1:compile, commons-digester:commons-digester=commons-digester:commons-digester:jar:1.8.1:compile, cglib:cglib-nodep=cglib:cglib-nodep:jar:3.2.4:compile, org.springframework:spring-context=org.springframework:spring-context:jar:4.3.2.RELEASE:compile, org.springframework:spring-aop=org.springframework:spring-aop:jar:4.3.2.RELEASE:compile, org.springframework:spring-beans=org.springframework:spring-beans:jar:4.3.2.RELEASE:compile, org.springframework:spring-core=org.springframework:spring-core:jar:4.3.2.RELEASE:compile, org.springframework:spring-expression=org.springframework:spring-expression:jar:4.3.2.RELEASE:compile, org.aspectj:aspectjweaver=org.aspectj:aspectjweaver:jar:1.8.9:compile, org.postgresql:postgresql=org.postgresql:postgresql:jar:9.4-1206-jdbc42:compile, com.googlecode.json-simple:json-simple=com.googlecode.json-simple:json-simple:jar:1.1:compile, org.apache.pdfbox:pdfbox=org.apache.pdfbox:pdfbox:jar:1.8.1:compile, org.apache.pdfbox:fontbox=org.apache.pdfbox:fontbox:jar:1.8.1:compile, org.apache.pdfbox:jempbox=org.apache.pdfbox:jempbox:jar:1.8.1:compile, org.mongodb:mongodb-driver=org.mongodb:mongodb-driver:jar:3.2.2:compile, org.mongodb:mongodb-driver-core=org.mongodb:mongodb-driver-core:jar:3.2.2:compile, org.mongodb:bson=org.mongodb:bson:jar:3.2.2:compile, org.json:json=org.json:json:jar:20180813:compile, com.jcraft:jsch=com.jcraft:jsch:jar:0.1.53:compile, io.github.sukgu:automation=io.github.sukgu:automation:jar:0.0.12:compile, org.assertj:assertj-core=org.assertj:assertj-core:jar:3.11.1:compile, org.slf4j:slf4j-api=org.slf4j:slf4j-api:jar:1.7.5:compile, org.jboss.aerogear:aerogear-otp-java=org.jboss.aerogear:aerogear-otp-java:jar:1.0.0:compile, io.cucumber:cucumber-picocontainer=io.cucumber:cucumber-picocontainer:jar:4.2.3:compile, org.picocontainer:picocontainer=org.picocontainer:picocontainer:jar:2.15:compile, com.opencsv:opencsv=com.opencsv:opencsv:jar:5.6:compile, commons-beanutils:commons-beanutils=commons-beanutils:commons-beanutils:jar:1.9.4:compile, com.aventstack:extentreports=com.aventstack:extentreports:jar:3.1.5:compile, org.freemarker:freemarker=org.freemarker:freemarker:jar:2.3.23:compile, ru.yandex.qatools.allure:allure-java-annotations=ru.yandex.qatools.allure:allure-java-annotations:jar:1.5.4:compile, ru.yandex.qatools.allure:allure-model=ru.yandex.qatools.allure:allure-model:jar:1.5.4:compile, org.jvnet.jaxb2_commons:jaxb2-basics-runtime=org.jvnet.jaxb2_commons:jaxb2-basics-runtime:jar:0.9.3:compile, ru.qatools.commons:properties=ru.qatools.commons:properties:jar:2.0.RC5:compile}
[DEBUG]   (s) projectBuildDirectory = /Users/pramodsingh/Desktop/automation/automationutils/target
[DEBUG]   (f) promoteUserPropertiesToSystemProperties = true
[DEBUG]   (s) redirectTestOutputToFile = false
[DEBUG]   (s) reportFormat = brief
[DEBUG]   (s) reportsDirectory = /Users/pramodsingh/Desktop/automation/automationutils/target/surefire-reports
[DEBUG]   (f) rerunFailingTestsCount = 0
[DEBUG]   (f) reuseForks = true
[DEBUG]   (s) runOrder = filesystem
[DEBUG]   (s) session = org.apache.maven.execution.MavenSession@2d9f64c9
[DEBUG]   (f) shutdown = exit
[DEBUG]   (s) skip = false
[DEBUG]   (f) skipAfterFailureCount = 0
[DEBUG]   (s) skipTests = false
[DEBUG]   (s) suiteXmlFiles = []
[DEBUG]   (s) tempDir = surefire
[DEBUG]   (s) testClassesDirectory = /Users/pramodsingh/Desktop/automation/automationutils/target/test-classes
[DEBUG]   (s) testFailureIgnore = false
[DEBUG]   (s) testNGArtifactName = org.testng:testng
[DEBUG]   (s) testSourceDirectory = /Users/pramodsingh/Desktop/automation/automationutils/src/test/java
[DEBUG]   (s) threadCountClasses = 0
[DEBUG]   (s) threadCountMethods = 0
[DEBUG]   (s) threadCountSuites = 0
[DEBUG]   (s) trimStackTrace = false
[DEBUG]   (s) useFile = true
[DEBUG]   (s) useManifestOnlyJar = true
[DEBUG]   (f) useModulePath = true
[DEBUG]   (s) useSystemClassLoader = true
[DEBUG]   (s) useUnlimitedThreads = false
[DEBUG]   (s) workingDirectory = /Users/pramodsingh/Desktop/automation/automationutils
[DEBUG] -- end configuration --
[DEBUG] Using JVM: /Library/Java/JavaVirtualMachines/temurin-8.jdk/Contents/Home/jre/bin/java with Java version 1.8
[DEBUG] Resolved included and excluded patterns: **/Test*.java, **/*Test.java, **/*Tests.java, **/*TestCase.java, !**/*$*
[INFO] 
[INFO] --- jar:3.5.0:jar (default-jar) @ AutomationUtils ---
[DEBUG] Dependency collection stats {ConflictMarker.analyzeTime=796667, ConflictMarker.markTime=185000, ConflictMarker.nodeCount=39, ConflictIdSorter.graphTime=482416, ConflictIdSorter.topsortTime=118500, ConflictIdSorter.conflictIdCount=17, ConflictIdSorter.conflictIdCycleCount=0, ConflictResolver.totalTime=2071417, ConflictResolver.conflictItemCount=27, DfDependencyCollector.collectTime=288004959, DfDependencyCollector.transformTime=3679708}
[DEBUG] org.apache.maven.plugins:maven-jar-plugin:jar:3.5.0
[DEBUG]    org.apache.maven.shared:file-management:jar:3.2.0:compile
[DEBUG]       org.codehaus.plexus:plexus-utils:jar:4.0.2:compile (version managed from default)
[DEBUG]    org.apache.maven:maven-archiver:jar:3.6.5:compile
[DEBUG]       org.codehaus.plexus:plexus-interpolation:jar:1.28:compile
[DEBUG]       org.codehaus.plexus:plexus-xml:jar:3.0.1:compile (version managed from default)
[DEBUG]    org.codehaus.plexus:plexus-archiver:jar:4.10.4:compile
[DEBUG]       org.codehaus.plexus:plexus-io:jar:3.6.0:compile
[DEBUG]       org.apache.commons:commons-compress:jar:1.28.0:compile
[DEBUG]          commons-codec:commons-codec:jar:1.19.0:compile
[DEBUG]          org.apache.commons:commons-lang3:jar:3.18.0:compile
[DEBUG]       io.airlift:aircompressor:jar:0.27:compile
[DEBUG]       org.tukaani:xz:jar:1.10:runtime
[DEBUG]       com.github.luben:zstd-jni:jar:1.5.7-6:runtime
[DEBUG]    javax.inject:javax.inject:jar:1:compile
[DEBUG]    org.slf4j:slf4j-api:jar:1.7.36:compile
[DEBUG]    commons-io:commons-io:jar:2.21.0:compile
[DEBUG] Created new class realm plugin>org.apache.maven.plugins:maven-jar-plugin:3.5.0
[DEBUG] Importing foreign packages into class realm plugin>org.apache.maven.plugins:maven-jar-plugin:3.5.0
[DEBUG]   Imported:  < maven.api
[DEBUG] Populating class realm plugin>org.apache.maven.plugins:maven-jar-plugin:3.5.0
[DEBUG]   Included: org.apache.maven.plugins:maven-jar-plugin:jar:3.5.0
[DEBUG]   Included: org.apache.maven.shared:file-management:jar:3.2.0
[DEBUG]   Included: org.codehaus.plexus:plexus-utils:jar:4.0.2
[DEBUG]   Included: org.apache.maven:maven-archiver:jar:3.6.5
[DEBUG]   Included: org.codehaus.plexus:plexus-interpolation:jar:1.28
[DEBUG]   Included: org.codehaus.plexus:plexus-xml:jar:3.0.1
[DEBUG]   Included: org.codehaus.plexus:plexus-archiver:jar:4.10.4
[DEBUG]   Included: org.codehaus.plexus:plexus-io:jar:3.6.0
[DEBUG]   Included: org.apache.commons:commons-compress:jar:1.28.0
[DEBUG]   Included: commons-codec:commons-codec:jar:1.19.0
[DEBUG]   Included: org.apache.commons:commons-lang3:jar:3.18.0
[DEBUG]   Included: io.airlift:aircompressor:jar:0.27
[DEBUG]   Included: org.tukaani:xz:jar:1.10
[DEBUG]   Included: com.github.luben:zstd-jni:jar:1.5.7-6
[DEBUG]   Included: commons-io:commons-io:jar:2.21.0
[DEBUG] Loading mojo org.apache.maven.plugins:maven-jar-plugin:3.5.0:jar from plugin realm ClassRealm[plugin>org.apache.maven.plugins:maven-jar-plugin:3.5.0, parent: sun.misc.Launcher$AppClassLoader@7852e922]
[DEBUG] Configuring mojo execution 'org.apache.maven.plugins:maven-jar-plugin:3.5.0:jar:default-jar' with basic configurator -->
[DEBUG]   (f) addDefaultExcludes = true
[DEBUG]   (f) attach = true
[DEBUG]   (f) classesDirectory = /Users/pramodsingh/Desktop/automation/automationutils/target/classes
[DEBUG]   (f) detectMultiReleaseJar = true
[DEBUG]   (f) finalName = AutomationUtils-0.0.1-SNAPSHOT
[DEBUG]   (f) forceCreation = false
[DEBUG]   (f) outputDirectory = /Users/pramodsingh/Desktop/automation/automationutils/target
[DEBUG]   (f) skipIfEmpty = false
[DEBUG]   (f) useDefaultManifestFile = false
[DEBUG] -- end configuration --
[DEBUG] isUp2date: false (Destination /Users/pramodsingh/Desktop/automation/automationutils/target/AutomationUtils-0.0.1-SNAPSHOT.jar not found.)
[INFO] Building jar: /Users/pramodsingh/Desktop/automation/automationutils/target/AutomationUtils-0.0.1-SNAPSHOT.jar
[DEBUG] adding directory META-INF/
[DEBUG] adding entry META-INF/MANIFEST.MF
[DEBUG] adding directory TestData/
[DEBUG] adding directory drivers/
[DEBUG] adding directory drivers/iOSDriver/
[DEBUG] adding directory drivers/windowdriver/
[DEBUG] adding directory config/
[DEBUG] adding directory PythonFile/
[DEBUG] adding directory reportGenerator/
[DEBUG] adding directory enums/
[DEBUG] adding directory pojo/
[DEBUG] adding directory filehandling/
[DEBUG] adding directory com/
[DEBUG] adding directory com/pksautomation/
[DEBUG] adding directory com/pksautomation/utils/
[DEBUG] adding directory com/pksautomation/utils/dbconnection/
[DEBUG] adding directory com/pksautomation/utils/v2/
[DEBUG] adding directory com/pksautomation/utils/v2/reflections/
[DEBUG] adding directory com/pksautomation/utils/v2/customexception/
[DEBUG] adding directory com/pksautomation/utils/v2/testNG/
[DEBUG] adding directory com/pksautomation/utils/v2/cucumber/
[DEBUG] adding directory com/pksautomation/utils/v2/dbconnection/
[DEBUG] adding directory com/pksautomation/utils/v2/dataHelper/
[DEBUG] adding directory com/pksautomation/utils/v2/fileutils/
[DEBUG] adding directory com/pksautomation/utils/report/
[DEBUG] adding entry TestData/ScenarioDetails.xlsx
[DEBUG] adding entry TestData/TestData.xlsx
[DEBUG] adding entry drivers/iOSDriver/geckodriver
[DEBUG] adding entry drivers/iOSDriver/chromedriver
[DEBUG] adding entry drivers/windowdriver/chromedriver.exe
[DEBUG] adding entry drivers/windowdriver/geckodriver.exe
[DEBUG] adding entry config/config.properties
[DEBUG] adding entry PythonFile/EncryptCreds.py
[DEBUG] adding entry reportGenerator/Template.html
[DEBUG] adding entry reportGenerator/report.jar
[DEBUG] adding entry enums/APIMethodType.class
[DEBUG] adding entry enums/APIMethodType$APIMethodsType.class
[DEBUG] adding entry EncryptCreds$py.class
[DEBUG] adding entry pojo/How.class
[DEBUG] adding entry filehandling/JSONUtils.class
[DEBUG] adding entry com/pksautomation/utils/Element$1.class
[DEBUG] adding entry com/pksautomation/utils/APIHelper.class
[DEBUG] adding entry com/pksautomation/utils/Log.class
[DEBUG] adding entry com/pksautomation/utils/JSONtoFmModel.class
[DEBUG] adding entry com/pksautomation/utils/YamlReaderWriter.class
[DEBUG] adding entry com/pksautomation/utils/ISO8601DateFormat.class
[DEBUG] adding entry com/pksautomation/utils/Element$How.class
[DEBUG] adding entry com/pksautomation/utils/dbconnection/DataBaseEnumConstants$DatabaseType.class
[DEBUG] adding entry com/pksautomation/utils/dbconnection/DataBaseEnumConstants.class
[DEBUG] adding entry com/pksautomation/utils/dbconnection/ElasticConnection.class
[DEBUG] adding entry com/pksautomation/utils/dbconnection/RedshiftDBConnection.class
[DEBUG] adding entry com/pksautomation/utils/dbconnection/DataBaseEnumConstants$DataBaseCategory.class
[DEBUG] adding entry com/pksautomation/utils/dbconnection/GreenplumConnection.class
[DEBUG] adding entry com/pksautomation/utils/dbconnection/ColumnMappingOfTables.class
[DEBUG] adding entry com/pksautomation/utils/dbconnection/DataBase.class
[DEBUG] adding entry com/pksautomation/utils/dbconnection/MongoConnection.class
[DEBUG] adding entry com/pksautomation/utils/dbconnection/DataBaseEnumConstants$MongoDataBaseType.class
[DEBUG] adding entry com/pksautomation/utils/Browser$MyImageWriteParam.class
[DEBUG] adding entry com/pksautomation/utils/Config.class
[DEBUG] adding entry com/pksautomation/utils/Element.class
[DEBUG] adding entry com/pksautomation/utils/Browser$1.class
[DEBUG] adding entry com/pksautomation/utils/v2/BasePage.class
[DEBUG] adding entry com/pksautomation/utils/v2/WaitHelper.class
[DEBUG] adding entry com/pksautomation/utils/v2/UtilityObjectManager.class
[DEBUG] adding entry com/pksautomation/utils/v2/APIHelper.class
[DEBUG] adding entry com/pksautomation/utils/v2/AssertionUtils.class
[DEBUG] adding entry com/pksautomation/utils/v2/reflections/TestScenarioExecuter.class
[DEBUG] adding entry com/pksautomation/utils/v2/customexception/CustomRuntimeException.class
[DEBUG] adding entry com/pksautomation/utils/v2/testNG/TestListener.class
[DEBUG] adding entry com/pksautomation/utils/v2/testNG/TestBase.class
[DEBUG] adding entry com/pksautomation/utils/v2/cucumber/CommonTestBase.class
[DEBUG] adding entry com/pksautomation/utils/v2/cucumber/TestContext.class
[DEBUG] adding entry com/pksautomation/utils/v2/cucumber/TestNGCucumberTests.class
[DEBUG] adding entry com/pksautomation/utils/v2/dbconnection/SQLDBManager.class
[DEBUG] adding entry com/pksautomation/utils/v2/dbconnection/DBManager.class
[DEBUG] adding entry com/pksautomation/utils/v2/dbconnection/MongoDBManager.class
[DEBUG] adding entry com/pksautomation/utils/v2/Config.class
[DEBUG] adding entry com/pksautomation/utils/v2/BrowserUtils$2.class
[DEBUG] adding entry com/pksautomation/utils/v2/WaitHelper$1.class
[DEBUG] adding entry com/pksautomation/utils/v2/ElementActionsUtils.class
[DEBUG] adding entry com/pksautomation/utils/v2/LoggerUtils.class
[DEBUG] adding entry com/pksautomation/utils/v2/ConfigSingleton.class
[DEBUG] adding entry com/pksautomation/utils/v2/dataHelper/TestDataHelper.class
[DEBUG] adding entry com/pksautomation/utils/v2/dataHelper/PageLocatorHelper.class
[DEBUG] adding entry com/pksautomation/utils/v2/dataHelper/ExcelDataReader$1.class
[DEBUG] adding entry com/pksautomation/utils/v2/dataHelper/PageLocatorHelper$2.class
[DEBUG] adding entry com/pksautomation/utils/v2/dataHelper/ExcelDataReader.class
[DEBUG] adding entry com/pksautomation/utils/v2/dataHelper/PageLocatorHelper$1.class
[DEBUG] adding entry com/pksautomation/utils/v2/BrowserUtils$1.class
[DEBUG] adding entry com/pksautomation/utils/v2/Helper.class
[DEBUG] adding entry com/pksautomation/utils/v2/fileutils/YamlUtils.class
[DEBUG] adding entry com/pksautomation/utils/v2/fileutils/XMLUtils.class
[DEBUG] adding entry com/pksautomation/utils/v2/fileutils/TextFileUtils.class
[DEBUG] adding entry com/pksautomation/utils/v2/fileutils/JSONUtils.class
[DEBUG] adding entry com/pksautomation/utils/v2/fileutils/ExcelUtils.class
[DEBUG] adding entry com/pksautomation/utils/v2/fileutils/CSVUtils.class
[DEBUG] adding entry com/pksautomation/utils/v2/PopupUtils.class
[DEBUG] adding entry com/pksautomation/utils/v2/BrowserUtils.class
[DEBUG] adding entry com/pksautomation/utils/v2/WaitHelper$2.class
[DEBUG] adding entry com/pksautomation/utils/v2/EncryptionUtils.class
[DEBUG] adding entry com/pksautomation/utils/Browser$3.class
[DEBUG] adding entry com/pksautomation/utils/Config$SheetToBeUsed.class
[DEBUG] adding entry com/pksautomation/utils/AesEncrypter.class
[DEBUG] adding entry com/pksautomation/utils/Browser.class
[DEBUG] adding entry com/pksautomation/utils/Element$IFrameHow.class
[DEBUG] adding entry com/pksautomation/utils/report/DumpResultStore.class
[DEBUG] adding entry com/pksautomation/utils/report/ResultStore.class
[DEBUG] adding entry com/pksautomation/utils/TestDataReader.class
[DEBUG] adding entry com/pksautomation/utils/Helper.class
[DEBUG] adding entry com/pksautomation/utils/Browser$2.class
[DEBUG] adding entry com/pksautomation/utils/FileHandler.class
[DEBUG] adding entry com/pksautomation/utils/Browser$4.class
[DEBUG] adding entry com/pksautomation/utils/TestDataReader$1.class
[DEBUG] adding entry com/pksautomation/utils/Popup.class
[DEBUG] adding entry com/pksautomation/utils/ShadowDOM.class
[DEBUG] adding directory META-INF/maven/
[DEBUG] adding directory META-INF/maven/com.pksautomation.automationutils/
[DEBUG] adding directory META-INF/maven/com.pksautomation.automationutils/AutomationUtils/
[DEBUG] adding entry META-INF/maven/com.pksautomation.automationutils/AutomationUtils/pom.xml
[DEBUG] adding entry META-INF/maven/com.pksautomation.automationutils/AutomationUtils/pom.properties
[INFO] 
[INFO] --- install:3.1.4:install (default-install) @ AutomationUtils ---
[DEBUG] Dependency collection stats {ConflictMarker.analyzeTime=405125, ConflictMarker.markTime=272375, ConflictMarker.nodeCount=5, ConflictIdSorter.graphTime=279916, ConflictIdSorter.topsortTime=147125, ConflictIdSorter.conflictIdCount=5, ConflictIdSorter.conflictIdCycleCount=0, ConflictResolver.totalTime=1254000, ConflictResolver.conflictItemCount=5, DfDependencyCollector.collectTime=82768042, DfDependencyCollector.transformTime=2379167}
[DEBUG] org.apache.maven.plugins:maven-install-plugin:jar:3.1.4
[DEBUG]    org.apache.maven.resolver:maven-resolver-util:jar:1.9.22:compile
[DEBUG]       org.apache.maven.resolver:maven-resolver-api:jar:1.9.22:compile
[DEBUG]    org.codehaus.plexus:plexus-utils:jar:4.0.1:compile
[DEBUG]    org.codehaus.plexus:plexus-xml:jar:3.0.1:compile
[DEBUG] Created new class realm plugin>org.apache.maven.plugins:maven-install-plugin:3.1.4
[DEBUG] Importing foreign packages into class realm plugin>org.apache.maven.plugins:maven-install-plugin:3.1.4
[DEBUG]   Imported:  < maven.api
[DEBUG] Populating class realm plugin>org.apache.maven.plugins:maven-install-plugin:3.1.4
[DEBUG]   Included: org.apache.maven.plugins:maven-install-plugin:jar:3.1.4
[DEBUG]   Included: org.codehaus.plexus:plexus-utils:jar:4.0.1
[DEBUG]   Included: org.codehaus.plexus:plexus-xml:jar:3.0.1
[DEBUG] Loading mojo org.apache.maven.plugins:maven-install-plugin:3.1.4:install from plugin realm ClassRealm[plugin>org.apache.maven.plugins:maven-install-plugin:3.1.4, parent: sun.misc.Launcher$AppClassLoader@7852e922]
[DEBUG] Configuring mojo execution 'org.apache.maven.plugins:maven-install-plugin:3.1.4:install:default-install' with basic configurator -->
[DEBUG]   (f) allowIncompleteProjects = false
[DEBUG]   (f) installAtEnd = false
[DEBUG]   (f) pluginDescriptor = Component Descriptor: role: 'org.apache.maven.plugin.Mojo', implementation: 'org.apache.maven.plugins.maven_install_plugin.HelpMojo', role hint: 'org.apache.maven.plugins:maven-install-plugin:3.1.4:help'
role: 'org.apache.maven.plugin.Mojo', implementation: 'org.apache.maven.plugins.install.InstallMojo', role hint: 'org.apache.maven.plugins:maven-install-plugin:3.1.4:install'
role: 'org.apache.maven.plugin.Mojo', implementation: 'org.apache.maven.plugins.install.InstallFileMojo', role hint: 'org.apache.maven.plugins:maven-install-plugin:3.1.4:install-file'
---
[DEBUG]   (f) project = MavenProject: com.pksautomation.automationutils:AutomationUtils:0.0.1-SNAPSHOT @ /Users/pramodsingh/Desktop/automation/automationutils/pom.xml
[DEBUG]   (f) session = org.apache.maven.execution.MavenSession@2d9f64c9
[DEBUG]   (f) skip = false
[DEBUG] -- end configuration --
[INFO] Installing /Users/pramodsingh/Desktop/automation/automationutils/pom.xml to /Users/pramodsingh/.m2/repository/com/pksautomation/automationutils/AutomationUtils/0.0.1-SNAPSHOT/AutomationUtils-0.0.1-SNAPSHOT.pom
[DEBUG] Writing tracking file '/Users/pramodsingh/.m2/repository/com/pksautomation/automationutils/AutomationUtils/0.0.1-SNAPSHOT/_remote.repositories'
[INFO] Installing /Users/pramodsingh/Desktop/automation/automationutils/target/AutomationUtils-0.0.1-SNAPSHOT.jar to /Users/pramodsingh/.m2/repository/com/pksautomation/automationutils/AutomationUtils/0.0.1-SNAPSHOT/AutomationUtils-0.0.1-SNAPSHOT.jar
[DEBUG] Writing tracking file '/Users/pramodsingh/.m2/repository/com/pksautomation/automationutils/AutomationUtils/0.0.1-SNAPSHOT/_remote.repositories'
[DEBUG] Installing com.pksautomation.automationutils:AutomationUtils:0.0.1-SNAPSHOT/maven-metadata.xml to /Users/pramodsingh/.m2/repository/com/pksautomation/automationutils/AutomationUtils/0.0.1-SNAPSHOT/maven-metadata-local.xml
[DEBUG] Installing com.pksautomation.automationutils:AutomationUtils/maven-metadata.xml to /Users/pramodsingh/.m2/repository/com/pksautomation/automationutils/AutomationUtils/maven-metadata-local.xml
[INFO] ------------------------------------------------------------------------
[INFO] BUILD SUCCESS
[INFO] ------------------------------------------------------------------------
[INFO] Total time:  23.447 s
[INFO] Finished at: 2026-05-31T16:13:50+05:30
[INFO] ------------------------------------------------------------------------
[DEBUG] Shutting down adapter factory; available factories [file-lock, rwlock-local, semaphore-local, noop]; available name mappers [discriminating, file-gaecv, file-gav, file-hgaecv, file-hgav, file-static, gaecv, gav, static]
[DEBUG] Shutting down 'file-lock' factory
[DEBUG] Shutting down 'rwlock-local' factory
[DEBUG] Shutting down 'semaphore-local' factory
[DEBUG] Shutting down 'noop' factory
